top isoform	localization score	spectrum
EGTDSSQGIPQLVSN[+104]ISA[-89]CQVIAEAVR	0.909982879193948	42CPTAC_COprospective_W_VU_20151124_05CO034_f01.29773.29773.3
VPVDPA[-89]TYGQFYGGDSYIILYN[+104]YR	1.0	34CPTAC_COprospective_W_VU_20150824_11CO032_f05.26023.26023.3
IIPGGIYDA[-89]DLN[+104]DEWVQR	1.0	67CPTAC_COprospective_W_VU_20160324_16CO011_f04.26728.26728.2
TAFDEAIAELDTLSEESYK		17CPTAC_COprospective_W_VU_20150807_09CO008_f04.31812.31812.3
FYVPPTQEDGVDPVEAFAQNVLSK		49CPTAC_COprospective_W_VU_20151222_11CO062_f03.32314.32314.3
ELEQVC[-89]N[+104]PIISGLYQGAGGPGPGGFGAQGPK	0.9999626922770307	71CPTAC_COprospective_W_VU_20160414_14CO003_f02.26381.26381.3
SA[-89]GWN[+104]IPIGLLYCDLPEPR	0.9999841668243937	57CPTAC_COprospective_W_VU_20160317_15CO001_f01.30956.30956.3
LLQDSVDFSLADAINTEFK		74CPTAC_COprospective_W_VU_20160912_11CO008_f01.29454.29454.3
CGVM[+15]ASSGLCQSVAASCAR	0.9999956809158355	49CPTAC_COprospective_W_VU_20151222_11CO062_f03.12491.12491.2
GQWGTVC[-89]DN[+104]LWDLTDASVVCR	0.9997294393726694	52CPTAC_COprospective_W_VU_20160223_11CO019_f06.29681.29681.3
ILGGVISAISEAAA[-89]QYN[+104]PEPPPPR	0.90176028807977	53CPTAC_COprospective_W_VU_20160226_11CO030_f02.30670.30670.3
AAVATFLQSVQVPEFTPK		50CPTAC_COprospective_W_VU_20151222_05CO035_f02.29084.29084.3
SGETEDTFIADLVVGLCTGQIK		28CPTAC_COprospective_W_VU_20150810_05CO037_f01.32156.32156.3
ITEGVPQLLIVLTADR		77CPTAC_COprospective_W_VU_20160504_11CO070_f03.31284.31284.3
EQCTAGAGCCLQPATGR		50CPTAC_COprospective_W_VU_20151222_05CO035_f04.7973.7973.2
DLSSPSQYDTGVALTGLSCFVTPDLAR		28CPTAC_COprospective_W_VU_20150810_05CO037_f01.28576.28576.3
SPYLYPLYGLGELPQGFAR		13CPTAC_COprospective_W_VU_20151030_06CO001_f02.30684.30684.3
LA[-89]EQFVLLN[+104]LVYETTDK	1.0	16CPTAC_COprospective_W_VU_20151102_09CO006_f01.33203.33203.3
QTQIFTTYSDNQPGVLIQVYEGER		83CPTAC_COprospective_W_VU_20160524_05CO054_f04.24905.24905.3
KQNVVPTVLALGSDVDM[+15]DVLTTLSLGDR	0.9999999999992629	35CPTAC_COprospective_W_VU_20150901_16CO002_f03.36304.36304.3
WVDPN[+104]SPVLLEDPVLC[-89]ALAK	0.06631587031218572	43CPTAC_COprospective_W_VU_20151130_01CO022_f02.31615.31615.3
AGAAPYVQAFDSLLAGPVAEYLK		60CPTAC_COprospective_W_VU_20160311_27CO004_f01.36290.36290.3
ILGQEGDASYLASEISTWDGVIVTPSEK		85CPTAC_COprospective_W_VU_20160630_11CO058_f06.31508.31508.3
VSPWETSTSSFFPILAPAVGSYLPPTAR		28CPTAC_COprospective_W_VU_20150810_05CO037_f04.32304.32304.3
TVSLGAGAKDELHIVEAEAM[+15]NYEGSPIK	0.9925567552917893	61CPTAC_COprospective_W_VU_20160707_11CO010_f05.25094.25094.4
DFSA[-89]LESQLQDTQELLQEEN[+104]R	1.0	07CPTAC_COprospective_W_VU_20150915_05CO015_f06.27621.27621.3
YILSDSSPAPEFPLA[-89]YLTSEN[+104]R	0.9992288325550311	52CPTAC_COprospective_W_VU_20160223_11CO019_f03.31138.31138.3
VN[+104]PTVFFDIA[-89]VDGEPLGR	1.0	42CPTAC_COprospective_W_VU_20151124_05CO034_f03.30507.30507.3
AVCM[+15]LSNTTAVAEAWAR	0.9726815112555048	89CPTAC_COprospective_W_VU_20160707_11CO053_f04.20321.20321.2
ACANPAAGSVILLENLR		14CPTAC_COprospective_W_VU_20151030_06CO002_f06.25623.25623.2
GDADQA[-89]SN[+104]ILASFGLSAR	0.9787513832815283	46CPTAC_COprospective_W_VU_20151209_09CO013_f06.27704.27704.3
SFAVGTLAETIQGLGAASAQFVSR		05CPTAC_COprospective_W_VU_20150915_05CO007_f04.34960.34960.3
GNVQVVIPFLTESYSSSQDPPEK		33CPTAC_COprospective_W_VU_20150818_11CO042_f04.24683.24683.3
SNNTSKPSHSVDAHTAEVNCLSFNPYSEFILATGSADK		45CPTAC_COprospective_W_VU_20151202_05CO048_f01.26355.26355.4
LCYVALDFENEM[+15]ATAASSSSLEK	0.9988161445633512	76CPTAC_COprospective_W_VU_20160502_11CO039_f03.27808.27808.3
VIGSGC[-89]N[+104]LDSAR	0.9859611306185394	54CPTAC_COprospective_W_VU_20160226_01CO019_f04.7614.7614.2
GVVPLAGTDGETTTQGLDGLSER		45CPTAC_COprospective_W_VU_20151202_05CO048_f05.20243.20243.3
IVYNNADGTEINEVEVDPITTFPLK		52CPTAC_COprospective_W_VU_20160223_11CO019_f03.28324.28324.3
LGGTIDDCELVEGLVLTQK		65CPTAC_COprospective_W_VU_20160322_05CO026_f01.27528.27528.3
TVTN[+104]A[-89]VVTVPAYFNDSQR	0.9990912732309785	10CPTAC_COprospective_W_VU_20151002_05CO029_f05.19226.19226.3
M[+15]SSTFIGNSTAIQELFKR	0.9999990245972457	29CPTAC_COprospective_W_VU_20150810_11CO033_f03.25978.25978.3
DTDAA[-89]VGDN[+104]IGYITFVLFPR	0.0035075311970378612	39CPTAC_COprospective_W_VU_20150909_09CO011_f01.35009.35009.3
DFVM[+15]NLVNSLDIGNDNIR	0.9987527698635155	28CPTAC_COprospective_W_VU_20150810_05CO037_f05.29959.29959.2
TDLEMQIEGLN[+104]EELA[-89]YLKK	0.9698269633121438	76CPTAC_COprospective_W_VU_20160502_11CO039_f06.27185.27185.4
QTQTFTTYSDNQPGVLIQVYEGER		65CPTAC_COprospective_W_VU_20160322_05CO026_f01.24803.24803.3
LYGPSSVSFADDFVR		75CPTAC_COprospective_W_VU_20160502_11CO060_f06.32573.32573.2
NFILDQTN[+104]VSAAA[-89]QR	0.7716660487652646	18CPTAC_COprospective_W_VU_20151105_14CO001_f04.24003.24003.2
AIVDC[-89]IISIIEEN[+104]SESK	0.5065686485991066	59CPTAC_COprospective_W_VU_20160308_13CO001_f03.34281.34281.3
VEQIAAIA[-89]QELN[+104]ELDYYDSPSVNAR	0.7461962176893453	60CPTAC_COprospective_W_VU_20160311_27CO004_f01.29983.29983.3
SADFVVEAIGDDVGTLGFSVEGPSQAK		51CPTAC_COprospective_W_VU_20160215_16CO003_f02.34955.34955.3
EGYC[-2]FTEVLQNM[+17]CQIGSSNR	0.7276895372450916	01CPTAC_COprospective_W_VU_20150901_01CO006_f03.20939.20939.2
AQFAQPEILIGTIPGAGGTQR		08CPTAC_COprospective_W_VU_20150928_05CO020_f03.23458.23458.3
AVM[+15]DDFAAFVEK	1.0	53CPTAC_COprospective_W_VU_20160226_11CO030_f03.20598.20598.2
LGPGGLDPVEVYESLPEELQK		62CPTAC_COprospective_W_VU_20160311_05CO041_f06.30277.30277.3
DYPVVSIEDPFDQDDWGAWQK		54CPTAC_COprospective_W_VU_20160226_01CO019_f06.31198.31198.3
NDFQLIGIQDGYLSLLQDSGEVR		20CPTAC_COprospective_W_VU_20151112_20CO001_f02.32047.32047.3
RHPYFYAPELLFFAK		85CPTAC_COprospective_W_VU_20160630_11CO058_f03.30423.30423.3
FSHEEIAM[+15]ATVTALR	1.0	88CPTAC_COprospective_W_VU_20160705_11CO054_f02.16594.16594.3
SGNTFRPEVHLLPPPSEELA[-89]LN[+104]ELVTLTCLAR	0.6006381010387561	42CPTAC_COprospective_W_VU_20151124_05CO034_f05.33533.33533.4
TVAAPSVFIFPPSDEQLK		31CPTAC_COprospective_W_VU_20150810_11CO043_f04.23365.23365.3
KCA[-89]PGTCQN[+104]LDGSYR	0.7418889805542445	86CPTAC_COprospective_W_VU_20160628_11CO057_f01.13626.13626.2
VPADTEVVCAPPTAYIDFAR		32CPTAC_COprospective_W_VU_20150818_20CO007_f03.20815.20815.3
TLVLSN[+104]LSYSA[-89]TEETLQEVFEK	1.0	26CPTAC_COprospective_W_VU_20150810_05CO049_f04.30804.30804.3
QN[+104]C[-89]ELFEQLGEYK	1.0	18CPTAC_COprospective_W_VU_20151105_14CO001_f06.24360.24360.2
SAGSRIEDGVPQHLVLVLGGK		41CPTAC_COprospective_W_VU_20151124_21CO006_f03.21592.21592.3
GHYTEGAELVDSVLDVVRK		52CPTAC_COprospective_W_VU_20160223_11CO019_f06.30297.30297.3
YFYTTM[+15]SRPGAGEPRFISVGYVDDTQFVR	1.0	90CPTAC_COprospective_W_VU_20160728_11CO052_f02.22968.22968.4
YVEPIEDVPC[-89]GN[+104]IVGLVGVDQFLVK	1.0	10CPTAC_COprospective_W_VU_20151002_05CO029_f03.30624.30624.3
GTVAAPSVFIFPPSDEQLK		62CPTAC_COprospective_W_VU_20160311_05CO041_f02.26284.26284.3
KAVELDLVPGR		49CPTAC_COprospective_W_VU_20151222_11CO062_f05.15097.15097.2
TM[+15]LELLNQLDGFDSR	1.0	28CPTAC_COprospective_W_VU_20150810_05CO037_f03.23596.23596.2
VEESTQVGGDPFPAVFGDFLGR		59CPTAC_COprospective_W_VU_20160308_13CO001_f02.31849.31849.3
SNPENNVGLITLDNDCEVLTTLTPDTGR		68CPTAC_COprospective_W_VU_20160406_14CO005_f03.29489.29489.3
DVASLSSQLQDTQELLQEETR		72CPTAC_COprospective_W_VU_20160422_05CO044_f05.28061.28061.3
FGSYCPTTCGIADFLSTYQTK		65CPTAC_COprospective_W_VU_20160322_05CO026_f06.28835.28835.3
FFESFGDLSTPDAVM[+15]GNPK	0.8048773222200051	28CPTAC_COprospective_W_VU_20150810_05CO037_f02.22029.22029.2
AFLADPSAFVAAAPVAADTTAAPAAAAAPAK		78CPTAC_COprospective_W_VU_20160915_11CO079_f01.25225.25225.3
FASEASGYQDNIAR		51CPTAC_COprospective_W_VU_20160215_16CO003_f02.10428.10428.2
ISLSPEYVFSVSTFR		58CPTAC_COprospective_W_VU_20160318_11CO048_f01.28254.28254.3
ALASYVAACQAAGVVIEDWR		16CPTAC_COprospective_W_VU_20151102_09CO006_f01.28836.28836.3
LVREIA[-89]QDFN[+104]TDLR	1.0	84CPTAC_COprospective_W_VU_20160916_05CO050_f05.16209.16209.3
TPDGTEN[+104]GDFLA[-89]LDLGGTNFR	0.8045725322976929	43CPTAC_COprospective_W_VU_20151130_01CO022_f03.26432.26432.3
QVHPDTGISSK		55CPTAC_COprospective_W_VU_20160630_11CO005_f03.4057.4057.2
FDCSSAPDIC[-89]SN[+104]LYVFQPSLAVFK	0.050803966700047276	52CPTAC_COprospective_W_VU_20160223_11CO019_f01.32067.32067.3
GETGPSGPVGPAGAVGPR		97CPTAC_COprospective_W_VU_20160801_11CO021_f06.9417.9417.2
TCQGSCAALSGLTGCTTR		01CPTAC_COprospective_W_VU_20150901_01CO006_f06.11756.11756.2
AVFVDLEPTVIDEVR		60CPTAC_COprospective_W_VU_20160311_27CO004_f06.35370.35370.2
