mass shift,# peptides in bin,is isotope,isotope index,sum of mass shifts,unimod candidates,unimod accessions,aa_stat candidates,all candidates,candidates for loc,localization
-129.14648466552137,614,False,,,set(),set(),[],set(),[{'-129.1465': set()}],{}
-114.1354628969339,103,False,,"[('-129.1465', '+15.0109')]",set(),set(),['I'],{'I'},"[{'-114.1355': {'I'}}, {'-129.1465': set(), '+15.0109': {'E', 'Y', 'L', 'D', 'I', 'M'}}]","{'I_-114.1355': 54, 'N-term_-114.1355': 10}"
-91.00909112987271,306,False,,,set(),set(),['C'],{'C'},[{'-91.0091': {'C'}}],"{'C_-91.0091': 299, 'N-term_-91.0091': 20, 'non-localized': 1}"
-56.11116309007249,144,False,,,set(),set(),[],set(),[{'-56.1112': set()}],{}
-40.117004090166915,88,False,,"[('-56.1112', '+15.9949')]",set(),set(),[],set(),"[{'-40.1170': set()}, {'-56.1112': set(), '+15.9949': {'W', 'R', 'A', 'C', 'E', 'V', 'N', 'P', 'U', 'M', 'T', 'G', 'Y', 'S', 'L', 'H', 'K', 'F', 'D', 'I', 'Q'}}]",{}
-18.010499953859423,351,False,,,"{'S', 'Y', 'Protein C-term', 'C', 'E', 'D', 'T'}","{27, 23}","['H', 'S', 'G']","{'S', 'Y', 'Protein C-term', 'C', 'E', 'H', 'D', 'T', 'G'}","[{'-18.0105': {'S', 'Y', 'Protein C-term', 'C', 'E', 'H', 'D', 'T', 'G'}}]","{'non-localized': 41, 'S_-18.0105': 221, 'D_-18.0105': 15, 'G_-18.0105': 7, 'C_-18.0105': 3, 'N-term_-18.0105': 13, 'T_-18.0105': 55, 'Y_-18.0105': 4, 'E_-18.0105': 4, 'H_-18.0105': 1}"
-9.03549137729678,59,False,,,{'R'},{1195},['C'],"{'R', 'C'}","[{'-9.0355': {'R', 'C'}}]","{'C-term_-9.0355': 2, 'R_-9.0355': 5, 'C_-9.0355': 54, 'N-term_-9.0355': 9}"
-1.0881097836854623,73,False,,,set(),set(),['K'],{'K'},[{'-1.0881': {'K'}}],"{'C-term_-1.0881': 60, 'K_-1.0881': 61, 'N-term_-1.0881': 1}"
-0.1012381135559564,109,False,,"[('-1.0881', '+0.9843')]",set(),set(),[],set(),"[{'-0.1012': set()}, {'-1.0881': {'K'}, '+0.9843': {'R', 'Protein N-term', 'N', 'Q'}}]","{'non-localized': 40, 'Q_+0.9843': 1, 'K_-1.0881': 1}"
-0.036089318511200584,90,False,,,{'K'},{597},[],{'K'},[{'-0.0361': {'K'}}],"{'C-term_-0.0361': 53, 'K_-0.0361': 53}"
0.0,47403,False,,,set(),set(),[],set(),[{'+0.0000': set()}],{}
0.9843078417316874,1685,False,,,"{'R', 'N', 'Protein N-term', 'Q'}","{632, 621, 7}",['N'],"{'R', 'Protein N-term', 'N', 'Q'}","[{'+0.9843': {'R', 'Protein N-term', 'N', 'Q'}}]","{'R_+0.9843': 54, 'N_+0.9843': 845, 'Q_+0.9843': 682, 'non-localized': 36, 'C-term_+0.9843': 48, 'N-term_+0.9843': 67}"
1.0407690747193767,63,False,,,set(),set(),"['R', 'V']","{'R', 'V'}","[{'+1.0408': {'R', 'V'}}]","{'C-term_+1.0408': 47, 'R_+1.0408': 47, 'V_+1.0408': 12, 'N-term_+1.0408': 2}"
1.913555553081181,110,False,,"[('-0.1012', '+2.0139')]",set(),set(),['V'],{'V'},"[{'+1.9136': {'V'}}, {'-0.1012': set(), '+2.0139': {'S', 'Y', 'C-term', 'P', 'T', 'G'}}]","{'V_+1.9136': 68, 'N-term_+1.9136': 7}"
1.9598078651521582,116,False,,"[('-0.1012', '+2.0607'), ('+0.9843', '+0.9843')]",{'T'},{1203},"['A', 'K']","{'K', 'A', 'T'}","[{'+1.9598': {'K', 'A', 'T'}}, {'-0.1012': set(), '+2.0607': {'R', 'N'}}, {'+0.9843': {'R', 'Protein N-term', 'N', 'Q'}}]","{'C-term_+1.9598': 43, 'K_+1.9598': 43, 'N-term_+1.9598': 6, 'T_+1.9598': 28, 'non-localized': 10, 'A_+1.9598': 34}"
1.9768832394117424,101,False,,"[('-0.0361', '+2.0139'), ('+0.9843', '+0.9843')]",{'V'},{1221},[],{'V'},"[{'+1.9769': {'V'}}, {'-0.0361': {'K'}, '+2.0139': {'S', 'Y', 'C-term', 'P', 'T', 'G'}}, {'+0.9843': {'R', 'Protein N-term', 'N', 'Q'}}]","{'P_+2.0139': 3, 'C-term_-0.0361': 18, 'K_-0.0361': 18, 'V_+1.9769': 36, 'non-localized': 40, 'T_+2.0139': 5, 'Y_+2.0139': 2, 'N-term_+1.9769': 5, 'G_+2.0139': 4, 'S_+2.0139': 4}"
2.0139192038793206,81,False,,,"{'S', 'Y', 'T', 'P', 'C-term'}","{258, 1174}",['G'],"{'S', 'Y', 'C-term', 'P', 'T', 'G'}","[{'+2.0139': {'S', 'Y', 'C-term', 'P', 'T', 'G'}}]","{'P_+2.0139': 10, 'N-term_+2.0139': 5, 'T_+2.0139': 8, 'non-localized': 7, 'C-term_+2.0139': 20, 'R_+2.0139': 12, 'Y_+2.0139': 7, 'G_+2.0139': 14, 'K_+2.0139': 8, 'S_+2.0139': 15}"
2.0606748730477893,82,False,,,set(),set(),"['R', 'N']","{'R', 'N'}","[{'+2.0607': {'R', 'N'}}]","{'C-term_+2.0607': 55, 'R_+2.0607': 56, 'N_+2.0607': 21, 'non-localized': 1}"
2.979716463956269,67,True,+1.9769,,"{'N', 'Q'}","{170, 1182, 366}",['G'],"{'V', 'N', 'G', 'Q'}","[{'+2.9797': {'V', 'N', 'G', 'Q'}}]","{'non-localized': 5, 'N_+2.9797': 11, 'V_+2.9797': 23, 'G_+2.9797': 18, 'Q_+2.9797': 5, 'N-term_+2.9797': 4}"
3.9955082899783263,290,False,,"[('+1.9769', '+2.0139')]","{'W', 'P', 'R', 'K'}","{897, 627, 1787, 351}",['W'],"{'W', 'R', 'K', 'P'}","[{'+3.9955': {'W', 'R', 'K', 'P'}}, {'+1.9769': {'V'}, '+2.0139': {'S', 'Y', 'C-term', 'P', 'T', 'G'}}]","{'W_+3.9955': 246, 'C-term_+3.9955': 10, 'K_+3.9955': 8, 'non-localized': 19, 'N-term_+3.9955': 14, 'S_+2.0139': 1, 'V_+1.9769': 4, 'P_+3.9955': 7, 'R_+3.9955': 5, 'T_+2.0139': 2, 'P_+2.0139': 1}"
14.015883313396888,65,False,,,"{'R', 'S', 'N-term', 'L', 'C', 'G', 'T', 'E', 'V', 'Protein N-term', 'K', 'H', 'D', 'N', 'I', 'C-term', 'Q'}","{34, 650, 1162, 558, 571, 671}",['G'],"{'R', 'N-term', 'C', 'E', 'V', 'N', 'T', 'G', 'S', 'L', 'K', 'H', 'D', 'I', 'C-term', 'Q'}","[{'+14.0159': {'R', 'N-term', 'C', 'E', 'V', 'N', 'T', 'G', 'S', 'L', 'K', 'H', 'D', 'I', 'C-term', 'Q'}}]","{'N-term_+14.0159': 6, 'R_+14.0159': 9, 'G_+14.0159': 8, 'non-localized': 10, 'D_+14.0159': 9, 'K_+14.0159': 8, 'H_+14.0159': 3, 'V_+14.0159': 13, 'C-term_+14.0159': 5, 'S_+14.0159': 3, 'E_+14.0159': 1, 'Q_+14.0159': 1}"
15.010941326687995,535,False,,,"{'Y', 'L', 'E', 'D', 'I'}","{590, 342, 1385}",['M'],"{'E', 'Y', 'L', 'D', 'I', 'M'}","[{'+15.0109': {'E', 'Y', 'L', 'D', 'I', 'M'}}]","{'L_+15.0109': 45, 'M_+15.0109': 179, 'non-localized': 129, 'I_+15.0109': 27, 'E_+15.0109': 73, 'D_+15.0109': 48, 'Y_+15.0109': 20, 'N-term_+15.0109': 5}"
15.994850359292208,4517,False,,"[('+0.9843', '+15.0109'), ('+1.9769', '+14.0159')]","{'W', 'C', 'N', 'M', 'T', 'Y', 'H', 'I', 'R', 'A', 'E', 'V', 'P', 'U', 'G', 'S', 'L', 'K', 'F', 'D', 'Q'}","{569, 35, 540}",['M'],"{'W', 'R', 'A', 'C', 'E', 'V', 'N', 'P', 'U', 'M', 'T', 'G', 'Y', 'S', 'L', 'H', 'K', 'F', 'D', 'I', 'Q'}","[{'+15.9949': {'W', 'R', 'A', 'C', 'E', 'V', 'N', 'P', 'U', 'M', 'T', 'G', 'Y', 'S', 'L', 'H', 'K', 'F', 'D', 'I', 'Q'}}, {'+0.9843': {'R', 'Protein N-term', 'N', 'Q'}, '+15.0109': {'E', 'Y', 'L', 'D', 'I', 'M'}}, {'+1.9769': {'V'}, '+14.0159': {'R', 'N-term', 'C', 'E', 'V', 'N', 'T', 'G', 'S', 'L', 'K', 'H', 'D', 'I', 'C-term', 'Q'}}]","{'N-term_+15.9949': 385, 'T_+15.9949': 13, 'M_+15.9949': 2866, 'non-localized': 974, 'N-term_+0.9843': 6, 'Q_+0.9843': 66, 'D_+15.0109': 8, 'V_+1.9769': 37, 'E_+14.0159': 9, 'A_+15.9949': 37, 'G_+15.9949': 29, 'Q_+15.9949': 78, 'L_+15.0109': 16, 'W_+15.9949': 67, 'F_+15.9949': 10, 'H_+15.9949': 12, 'L_+14.0159': 1, 'V_+14.0159': 4, 'G_+14.0159': 2, 'N_+14.0159': 3, 'P_+15.9949': 20, 'S_+15.9949': 23, 'E_+15.0109': 15, 'N_+0.9843': 42, 'M_+15.0109': 73, 'C_+15.9949': 57, 'E_+15.9949': 30, 'V_+15.9949': 30, 'C-term_+15.9949': 31, 'R_+15.9949': 6, 'K_+15.9949': 14, 'N-term_+14.0159': 3, 'L_+15.9949': 23, 'T_+14.0159': 2, 'C_+14.0159': 1, 'N_+15.9949': 19, 'D_+15.9949': 23, 'I_+14.0159': 3, 'S_+14.0159': 1, 'C-term_+1.9769': 1, 'I_+15.9949': 18, 'Y_+15.9949': 10, 'R_+0.9843': 13, 'I_+15.0109': 6, 'M_+14.0159': 2, 'Y_+15.0109': 3, 'N-term_+15.0109': 6, 'C-term_+0.9843': 3, 'D_+14.0159': 6, 'Q_+14.0159': 1, 'H_+14.0159': 1, 'C-term_+14.0159': 1, 'K_+14.0159': 1}"
16.979111945605073,89,False,,"[('+0.9843', '+15.9949'), ('+1.9598', '+15.0109'), ('+1.9769', '+15.0109')]",set(),set(),"['M', 'N']","{'N', 'M'}","[{'+16.9791': {'N', 'M'}}, {'+0.9843': {'R', 'Protein N-term', 'N', 'Q'}, '+15.9949': {'W', 'R', 'A', 'C', 'E', 'V', 'N', 'P', 'U', 'M', 'T', 'G', 'Y', 'S', 'L', 'H', 'K', 'F', 'D', 'I', 'Q'}}, {'+1.9598': {'K', 'A', 'T'}, '+15.0109': {'E', 'Y', 'L', 'D', 'I', 'M'}}, {'+1.9769': {'V'}, '+15.0109': {'E', 'Y', 'L', 'D', 'I', 'M'}}]","{'non-localized': 28, 'N-term_+0.9843': 5, 'N_+0.9843': 28, 'G_+15.9949': 2, 'M_+15.9949': 39, 'Q_+0.9843': 24, 'V_+1.9769': 3, 'M_+15.0109': 3, 'S_+15.9949': 1, 'N-term_+15.9949': 5, 'A_+15.9949': 4, 'W_+15.9949': 2, 'M_+16.9791': 4, 'A_+1.9598': 1, 'E_+15.0109': 1, 'E_+15.9949': 1, 'Q_+15.9949': 2, 'C-term_+15.9949': 1, 'V_+15.9949': 1, 'R_+0.9843': 1, 'L_+15.9949': 1}"
17.02681194566211,129,False,,"[('+1.0408', '+15.9949'), ('+2.0139', '+15.0109')]","{'R', 'E', 'K', 'D', 'C-term'}","{298, 989}",['E'],"{'R', 'E', 'K', 'D', 'C-term'}","[{'+17.0268': {'R', 'E', 'K', 'D', 'C-term'}}, {'+1.0408': {'R', 'V'}, '+15.9949': {'W', 'R', 'A', 'C', 'E', 'V', 'N', 'P', 'U', 'M', 'T', 'G', 'Y', 'S', 'L', 'H', 'K', 'F', 'D', 'I', 'Q'}}, {'+2.0139': {'S', 'Y', 'C-term', 'P', 'T', 'G'}, '+15.0109': {'E', 'Y', 'L', 'D', 'I', 'M'}}]","{'D_+17.0268': 10, 'non-localized': 35, 'E_+17.0268': 35, 'A_+15.9949': 4, 'V_+1.0408': 22, 'V_+15.9949': 3, 'L_+15.0109': 9, 'G_+2.0139': 5, 'P_+2.0139': 10, 'E_+15.0109': 5, 'F_+15.9949': 1, 'L_+15.9949': 2, 'T_+2.0139': 5, 'N_+15.9949': 1, 'S_+15.9949': 2, 'S_+2.0139': 3, 'G_+15.9949': 2, 'E_+15.9949': 1, 'I_+15.0109': 5, 'T_+15.9949': 2, 'Y_+15.0109': 3, 'Q_+15.9949': 1, 'P_+15.9949': 1, 'I_+15.9949': 1, 'D_+15.9949': 1, 'C-term_+17.0268': 5, 'A_+17.0268': 1, 'C-term_+15.9949': 1, 'M_+15.9949': 1, 'I_+17.0268': 1, 'M_+15.0109': 1, 'C-term_+1.0408': 1, 'R_+1.0408': 1, 'F_+17.0268': 1}"
21.98068432039966,811,False,,,"{'E', 'R', 'D', 'C-term'}","{1913, 30}",[],"{'E', 'R', 'D', 'C-term'}","[{'+21.9807': {'E', 'R', 'D', 'C-term'}}]","{'D_+21.9807': 300, 'non-localized': 51, 'E_+21.9807': 348, 'C-term_+21.9807': 112, 'R_+21.9807': 19, 'K_+21.9807': 90, 'N-term_+21.9807': 4, 'Q_+21.9807': 1}"
28.031598698171944,50,False,,"[('+14.0159', '+14.0159')]","{'R', 'N-term', 'A', 'C', 'E', 'Protein N-term', 'K', 'H', 'D', 'N', 'C-term'}","{546, 36, 1061, 280, 255}","['R', 'Y', 'G']","{'R', 'Y', 'N-term', 'A', 'C', 'E', 'K', 'H', 'D', 'N', 'C-term', 'G'}","[{'+28.0316': {'R', 'Y', 'N-term', 'A', 'C', 'E', 'K', 'H', 'D', 'N', 'C-term', 'G'}}, {'+14.0159': {'R', 'N-term', 'C', 'E', 'V', 'N', 'T', 'G', 'S', 'L', 'K', 'H', 'D', 'I', 'C-term', 'Q'}}]","{'non-localized': 26, 'R_+28.0316': 14, 'G_+28.0316': 4, 'N-term_+28.0316': 1, 'A_+28.0316': 5, 'Y_+28.0316': 1}"
31.98977960697724,450,False,,"[('+15.0109', '+16.9791'), ('+15.9949', '+15.9949')]","{'W', 'Y', 'R', 'L', 'C', 'E', 'V', 'K', 'F', 'P', 'U', 'I', 'M'}","{1168, 425}","['M', 'W']","{'W', 'Y', 'R', 'L', 'C', 'E', 'V', 'K', 'F', 'P', 'U', 'I', 'M'}","[{'+31.9898': {'W', 'Y', 'R', 'L', 'C', 'E', 'V', 'K', 'F', 'P', 'U', 'I', 'M'}}, {'+15.0109': {'E', 'Y', 'L', 'D', 'I', 'M'}, '+16.9791': {'N', 'M'}}, {'+15.9949': {'W', 'R', 'A', 'C', 'E', 'V', 'N', 'P', 'U', 'M', 'T', 'G', 'Y', 'S', 'L', 'H', 'K', 'F', 'D', 'I', 'Q'}}]","{'W_+31.9898': 157, 'non-localized': 254, 'N-term_+31.9898': 23, 'M_+16.9791': 16, 'Y_+15.0109': 1, 'M_+31.9898': 16, 'V_+31.9898': 1, 'M_+15.0109': 12, 'P_+31.9898': 4, 'N-term_+16.9791': 1, 'N-term_+15.0109': 1, 'I_+15.0109': 1, 'D_+15.0109': 1, 'C-term_+15.0109': 1, 'L_+31.9898': 1, 'E_+31.9898': 1, 'L_+15.0109': 1}"
37.94659445339072,115,False,,,"{'E', 'D', 'C-term'}","{530, 951}",[],"{'E', 'D', 'C-term'}","[{'+37.9466': {'E', 'D', 'C-term'}}]","{'non-localized': 13, 'D_+37.9466': 40, 'E_+37.9466': 53, 'C-term_+37.9466': 9, 'K_+37.9466': 5, 'R_+37.9466': 4, 'N-term_+37.9466': 1}"
45.057255454065285,444,False,,"[('+17.0268', '+28.0316')]",set(),set(),[],set(),"[{'+45.0573': set()}, {'+17.0268': {'R', 'E', 'K', 'D', 'C-term'}, '+28.0316': {'R', 'Y', 'N-term', 'A', 'C', 'E', 'K', 'H', 'D', 'N', 'C-term', 'G'}}]","{'non-localized': 425, 'E_+17.0268': 9, 'G_+28.0316': 5, 'D_+28.0316': 2, 'D_+17.0268': 6, 'N_+28.0316': 2, 'A_+28.0316': 1, 'R_+17.0268': 3, 'C-term_+28.0316': 2, 'R_+28.0316': 2, 'E_+28.0316': 3, 'C-term_+17.0268': 1, 'C_+28.0316': 2, 'Y_+28.0316': 1}"
47.98476848563156,58,False,,"[('+15.9949', '+31.9898')]","{'W', 'Y', 'C', 'F'}",{345},"['M', 'W', 'N']","{'W', 'Y', 'F', 'N', 'C', 'M'}","[{'+47.9848': {'W', 'Y', 'F', 'N', 'C', 'M'}}, {'+15.9949': {'W', 'R', 'A', 'C', 'E', 'V', 'N', 'P', 'U', 'M', 'T', 'G', 'Y', 'S', 'L', 'H', 'K', 'F', 'D', 'I', 'Q'}, '+31.9898': {'W', 'Y', 'R', 'L', 'C', 'E', 'V', 'K', 'F', 'P', 'U', 'I', 'M'}}]","{'non-localized': 30, 'W_+31.9898': 14, 'Q_+15.9949': 1, 'I_+15.9949': 1, 'M_+15.9949': 12, 'F_+31.9898': 1, 'N-term_+15.9949': 3, 'M_+31.9898': 4, 'V_+31.9898': 1, 'A_+15.9949': 2, 'I_+31.9898': 1, 'H_+15.9949': 2, 'V_+15.9949': 2, 'N-term_+31.9898': 2, 'E_+31.9898': 1, 'R_+15.9949': 1, 'L_+15.9949': 1, 'W_+47.9848': 2, 'L_+31.9898': 1, 'S_+15.9949': 1, 'G_+15.9949': 1, 'R_+31.9898': 3, 'T_+15.9949': 1, 'C-term_+31.9898': 2, 'Y_+15.9949': 1}"
79.96643739605223,331,False,,"[('+31.9898', '+47.9848')]","{'R', 'Y', 'S', 'C', 'E', 'H', 'K', 'D', 'T'}","{40, 21}","['S', 'P']","{'R', 'Y', 'S', 'C', 'E', 'H', 'K', 'D', 'P', 'T'}","[{'+79.9664': {'R', 'Y', 'S', 'C', 'E', 'H', 'K', 'D', 'P', 'T'}}, {'+31.9898': {'W', 'Y', 'R', 'L', 'C', 'E', 'V', 'K', 'F', 'P', 'U', 'I', 'M'}, '+47.9848': {'W', 'Y', 'F', 'N', 'C', 'M'}}]","{'S_+79.9664': 98, 'non-localized': 134, 'D_+79.9664': 9, 'C-term_+79.9664': 16, 'K_+79.9664': 11, 'N-term_+79.9664': 24, 'P_+79.9664': 17, 'E_+79.9664': 11, 'E_+31.9898': 3, 'N_+47.9848': 6, 'T_+79.9664': 19, 'P_+31.9898': 4, 'W_+47.9848': 1, 'L_+31.9898': 3, 'F_+47.9848': 3, 'W_+31.9898': 1, 'R_+79.9664': 13, 'H_+79.9664': 3, 'Y_+79.9664': 3, 'C_+31.9898': 1, 'M_+47.9848': 2, 'C_+47.9848': 1, 'F_+31.9898': 1}"
156.1013098812589,116,False,,,{'N-term'},{1288},['D'],"{'N-term', 'D'}","[{'+156.1013': {'N-term', 'D'}}]","{'D_+156.1013': 72, 'N-term_+156.1013': 25, 'L_+156.1013': 2, 'non-localized': 6, 'K_+156.1013': 1, 'I_+156.1013': 4, 'V_+156.1013': 1, 'M_+156.1013': 2, 'A_+156.1013': 5, 'G_+156.1013': 4, 'Q_+156.1013': 3, 'N_+156.1013': 1, 'T_+156.1013': 1}"
229.16316542875936,761,False,,,"{'S', 'N-term', 'H', 'Protein N-term', 'K', 'T'}",{737},['H'],"{'S', 'N-term', 'H', 'K', 'T'}","[{'+229.1632': {'S', 'N-term', 'H', 'K', 'T'}}]","{'non-localized': 113, 'H_+229.1632': 29, 'S_+229.1632': 286, 'T_+229.1632': 324, 'C-term_+229.1632': 7, 'K_+229.1632': 3, 'N-term_+229.1632': 34, 'A_+229.1632': 1, 'N_+229.1632': 1, 'G_+229.1632': 3, 'E_+229.1632': 1}"
357.25767380818803,51,False,,,set(),set(),"['D', 'R']","{'R', 'D'}","[{'+357.2577': {'R', 'D'}}]","{'D_+357.2577': 25, 'C-term_+357.2577': 23, 'R_+357.2577': 23, 'N-term_+357.2577': 1}"
