peptide	spectrum
K.NHSVNEEEQEEQGEGS{+80}EDEWEQVGPR.N	QEXI22202.16207.16207.3
K.LVQDVANNTNEEAGDGTTTATVLAR.S	QEXI22202.19954.19954.2
R.KPLVIIAEDVDGEALSTLVLNR.L	QEXI22202.37494.37494.3
R.DSSKGEDS{+80}AEETEAKPAVVAPAPVVEAVSTPSAAFPSDATAEQGPILTK.H	QEXI22202.37704.37704.5
K.TLVLSNLSYSATEETLQEVFEK.A	QEXI22202.42464.42464.2
K.YTFDFS{+80}EEEDDDADDDDDDNNDLEELK{+8}VK{+8}.A	QEXI22202.34442.34442.3
K.AEQGS{+80}EEEGEGEEEEEEGGESKADDPYAHLSK.K	QEXI22202.11058.11058.3
R.GPSAGGGPGSGTS{+80}PQVEWTAR{+10}.R	QEXI22202.19181.19181.2
K.NIILEEGK{+8}EILVGDVGQTVDDPYATFVK{+8}.M	QEXI22202.39442.39442.3
K.KTSFDQDS{+80}DVDIFPSDFPTEPPSLPR.T	QEXI22202.39790.39790.3
K.FISDK{+8}DASIVGFFDDSFSEAHSEFLK{+8}.A	QEXI22202.38366.38366.4
R.IAESHLQSISNLNENQAS{+80}EEEDELGELR.E	QEXI22202.28227.28227.3
K.KETES{+80}EAEDNLDDLEK.H	QEXI22202.13834.13834.2
K.HAPTYTIPLS{+80}PVLS{+80}PTLPAEAPTAQVPPSLPR.N	QEXI22202.46988.46988.3
R.GDQPAASGDS{+80}DDDEPPPLPR{+10}.L	QEXI22202.19749.19749.2
R.LK{+4}S{+80}EDGVEGDLGETQSR{+6}.T	QEXI22202.9415.9415.2
R.IEIESFYEGEDFSETLTR{+6}.A	QEXI22202.35161.35161.2
R.LK{+8}EDILENEDEQNS{+80}PPK{+8}.K	QEXI22202.14143.14143.2
R.NGS{+80}PTPAGSLGGGAVATAGGPGSR.L	QEXI22202.18491.18491.2
R.GFAFVTFDDHDTVDKIVVQK.Y	QEXI22202.29258.29258.4
R.FADDTYTESYISTIGVDFK.I	QEXI22202.36504.36504.2
K.DYEIESQNPLAS{+80}PTNTLLGSAK.E	QEXI22202.39597.39597.2
R.AFVEDS{+80}EDEDGAGEGGSSLLQK{+4}.R	QEXI22202.25300.25300.2
R.FDGALNVDLTEFQTNLVPYPR.I	QEXI22202.43167.43167.2
R.GFAFVTFDDHDSVDKIVIQK.Y	QEXI22202.29815.29815.4
R.IAQLEEELEEEQGNTELINDR.L	QEXI22202.28424.28424.2
R.LPSGSGAAS{+80}PTGSAVDIR{+6}.A	QEXI22202.18193.18193.2
R.TSRPENAIIYNNNEDFQVGQAK.V	QEXI22202.16546.16546.3
R.NVSSFPDDATS{+80}PLQENR{+6}.N	QEXI22202.22614.22614.2
R.STGEAFVQFASQEIAEK{+8}.A	QEXI22202.28990.28990.2
R.IQQFDDGGS{+80}DEEDIWEEK{+4}.H	QEXI22202.29090.29090.2
K.GLSEDTTEETLKESFDGSVR.A	QEXI22202.21371.21371.3
R.TPEELDDS{+80}DFETEDFDVR{+10}.S	QEXI22202.32935.32935.2
R.GLVAAYSGDS{+80}DNEEELVER.L	QEXI22202.27163.27163.2
K.HLFS{+80}STENLAAGSWKEPAEGGGLSSDR.Q	QEXI22202.25183.25183.3
R.EKPDS{+80}DDDLDIASLVTAK.L	QEXI22202.31265.31265.2
R.SHS{+80}QASLAGPGPVDPSNR{+10}.S	QEXI22202.9948.9948.2
K.GSHQIS{+80}LDNPDYQQDFFPK{+4}.E	QEXI22202.28477.28477.2
R.TK{+8}S{+80}PTDDEVTPSAVVR{+10}.R	QEXI22202.11407.11407.2
K.QIDS{+80}SPVGGETDETTVSQNYR.G	QEXI22202.28798.28798.2
R.TES{+80}PATAAETASEELDNR{+10}.S	QEXI22202.24084.24084.2
K.FTASAGIQVVGDDLTVTNPK.R	QEXI22202.28767.28767.2
R.SIS{+80}LGDSEGPIVATLAQPLR{+6}.R	QEXI22202.42877.42877.2
K.VVDYSQFQES{+80}DDADEDYGR.D	QEXI22202.22746.22746.2
R.GNVGFVFTK{+4}EDLTEIR{+6}.D	QEXI22202.25974.25974.3
R.RGTGQS{+80}DDS{+80}DIWDDTALIK.A	QEXI22202.34190.34190.2
K.GHYTEGAELVDSVLDVVR{+10}K{+8}.E	QEXI22202.29167.29167.4
R.ILTVEDHYYEGGIGEAVSSAVVGEPGITVTHLAVNR.V	QEXI22202.35155.35155.4
K.VIHDNFGIVEGLMTTVHAITATQK.T	QEXI22202.37850.37850.3
R.SQS{+80}ESSDEVTELDLSHGK{+8}K{+8}.D	QEXI22202.9738.9738.3
K.WLKEAEEES{+80}S{+80}GGEEEDEDENIEVVYSK.A	QEXI22202.30205.30205.3
K.GNDISSGTVLSDYVGSGPPK{+8}.G	QEXI22202.24871.24871.2
R.VADAKGDS{+80}ES{+80}EEDEDLEVPVPSR.F	QEXI22202.25920.25920.2
K.IVRGDQPAASGDS{+80}DDDEPPPLPR.L	QEXI22202.16886.16886.3
R.K{+8}QS{+80}LGELIGTLNAAK{+8}.V	QEXI22202.27467.27467.2
K.SQVFSTAADGQTQVEIK.V	QEXI22202.17273.17273.2
K.QFYDQALQQAVVDDDANNAK{+8}.A	QEXI22202.35371.35371.2
K.SSS{+80}PAPADIAQTVQEDLR{+10}.T	QEXI22202.33341.33341.2
K.SVTELNGDIITNTMTLGDIVFK{+8}R{+10}.I	QEXI22202.40541.40541.3
K.STAISLFYELSENDLNFIK.Q	QEXI22202.45965.45965.2
R.GAEAFGDS{+80}EEDGEDVFEVEK{+4}.I	QEXI22202.30729.30729.2
R.DLQS{+80}PDFTTGFHSDK{+8}IEAK{+8}.V	QEXI22202.21066.21066.3
K.NKPGPNIES{+80}GNEDDDASFK.I	QEXI22202.10314.10314.2
K.SEAAAPHTDAGGGLS{+80}S{+80}DEEEGTSSQAEAAR.I	QEXI22202.12739.12739.3
K.AYTNFDAER{+6}DALNIETAIK{+4}.T	QEXI22202.27269.27269.3
K.ATNES{+80}EDEIPQLVPIGKK.T	QEXI22202.25973.25973.2
R.SSLGQS{+80}ASETEEDTVSVSK{+4}K{+4}.E	QEXI22202.9949.9949.3
R.GAHGIIVVYDVTDQESYANVK{+4}.Q	QEXI22202.24224.24224.3
R.LIVDEAINEDNSVVSLSQPK{+8}.M	QEXI22202.30293.30293.2
R.R{+6}AEDGSVIDYELIDQDAR{+6}.D	QEXI22202.22411.22411.3
R.VLDTSSLTQSAPAS{+80}PTNK.G	QEXI22202.19189.19189.2
R.AHLTVGQAAAGGS{+80}GNLLTER.S	QEXI22202.17998.17998.2
K.LISWYDNEFGYSNR{+10}.V	QEXI22202.28748.28748.2
R.VTTEIQLPS{+80}QSPVEEQSPASLSSLR.S	QEXI22202.34576.34576.3
R.DSPVIDGHNDLPWQLLDMFNNR.L	QEXI22202.46001.46001.3
R.ETTDTDTADQVIASFK.V	QEXI22202.25215.25215.2
R.SLS{+80}TSGESLYHVLGLDK.N	QEXI22202.34876.34876.2
R.IQEIIEQLDVTTSEYEKEK.L	QEXI22202.26204.26204.3
K.IYHLPDAES{+80}DEDEDFKEQTR.L	QEXI22202.17454.17454.3
R.GVS{+80}PSQAQGLGSNLVTEVR{+6}.V	QEXI22202.29041.29041.2
K.EGEEPTVYS{+80}DEEEPK{+4}DESAR{+6}.K	QEXI22202.9971.9971.2
R.DNLTLWTSDQQDDDGGEGNN.-	QEXI22202.31537.31537.2
R.DSQQTLINIPS{+80}LNDSDSEIEDISEIESNR.S	QEXI22202.47165.47165.3
K.IVEPEVVGES{+80}DS{+80}EVEGDAWR{+6}.M	QEXI22202.36911.36911.2
K.LFIGGLSFETTEESLR{+10}.N	QEXI22202.35337.35337.2
K.VWLDPNETNEIANANSR{+6}.Q	QEXI22202.23350.23350.2
R.LGQLEEELEEEQSNSELLNDR.Y	QEXI22202.28844.28844.3
R.VAPEEHPVLLTEAPLNPK{+8}.A	QEXI22202.21013.21013.2
R.TSS{+80}FTEQLDEGTPNRESGDTQSFAQK.L	QEXI22202.19243.19243.3
R.K{+4}LS{+80}GDQITLPTTVDYSSVPK{+4}.Q	QEXI22202.28782.28782.2
R.SSS{+80}PAELDLKDDLQQTQGK.C	QEXI22202.20201.20201.3
K.DLFDLNS{+80}S{+80}EEDDTEGFSER.G	QEXI22202.48684.48684.2
R.DSENLAS{+80}PSEYPENGER.F	QEXI22202.16587.16587.2
R.ANS{+80}FVGTAQYVSPELLTEK.S	QEXI22202.35819.35819.2
K.RPDYAPMES{+80}S{+80}DEEDEEFQFIKK.A	QEXI22202.28941.28941.3
R.K{+4}VVDYSQFQES{+80}DDADEDYGR{+6}.D	QEXI22202.17657.17657.2
K.DLYANTVLSGGTTMYPGIADR{+10}.M	QEXI22202.35153.35153.2
K.VLLGFSSDES{+80}DVEASPR.D	QEXI22202.30469.30469.2
K.VASLIGVEGGHSIDSSLGVLR{+10}.A	QEXI22202.28141.28141.3
R.S{+80}TENVNKLPELSSFGKPSSSVQGTGLIR.D	QEXI22202.27420.27420.4
R.VYNVTQHAVGIVVNK.Q	QEXI22202.14088.14088.3
R.SVAVS{+80}DEEEVEEEAER.R	QEXI22202.18926.18926.2
R.AAS{+80}LNYLNQPSAAPLQVSR.G	QEXI22202.30822.30822.2
R.AGS{+80}STPGDAPPAVAEVQGR{+10}.S	QEXI22202.18024.18024.2
R.SQS{+80}LPNSLDYTQTSDPGR.H	QEXI22202.22429.22429.2
R.TTGIVMDSGDGVTHTVPIYEGYALPHAILR.L	QEXI22202.32751.32751.4
K.GPPQS{+80}PVFEGVYNNSR{+10}.M	QEXI22202.23762.23762.2
K.S{+80}STPPGESYFGVSSLQLK.G	QEXI22202.34585.34585.2
K.GHYEVTGS{+80}DDETGKLQGSGVSLASK.K	QEXI22202.14658.14658.4
K.GGIDNPAITS{+80}DQELDDKK.M	QEXI22202.14298.14298.2
R.VGDSTPVSEKPVSAAVDANASES{+80}P.-	QEXI22202.21002.21002.2
K.TEFLSFMNTELAAFTK.N	QEXI22202.42688.42688.2
R.SYS{+80}SPDITQAIQEEEKR.K	QEXI22202.22490.22490.2
R.LLSSNEDDANILSS{+80}PTDR{+6}.S	QEXI22202.25036.25036.2
R.TSS{+80}VPEYVYNLHLVENDFVGGR{+6}.S	QEXI22202.38064.38064.3
K.FAAEHTIFASNTSSLQITSIANATTR.Q	QEXI22202.29471.29471.3
R.VVNTDHGS{+80}PEQLQIPVTDSGR{+10}.H	QEXI22202.20309.20309.3
R.FAIQDISVEETSAK.E	QEXI22202.22953.22953.2
K.GLFS{+80}DEEDSEDLFSSQSASK{+4}.L	QEXI22202.36406.36406.2
R.RGS{+80}GDTSSLIDPDTSLSELR.D	QEXI22202.28153.28153.3
K.FSLVGIGGQDLNEGNR{+10}.T	QEXI22202.26385.26385.2
K.R{+6}HS{+80}YAGEQPETVPYLLLNR{+6}.A	QEXI22202.24670.24670.3
R.S{+80}TSTLYSQFQTAESENR.S	QEXI22202.25237.25237.2
K.VEEESTGDPFGFDS{+80}DDESLPVSSK.N	QEXI22202.35204.35204.2
K.VGS{+80}LDNVGHLPAGGAVK.T	QEXI22202.18401.18401.2
R.RPAERS{+80}SPGQTPEEGAQALAEFAALHGPALR.A	QEXI22202.29039.29039.4
R.LPDS{+80}DDDEDEETAIQR.V	QEXI22202.15612.15612.2
R.GTLS{+80}DSEIETNSATSTIFGK{+8}.A	QEXI22202.32049.32049.2
K.LFIGGLSFETTDESLR.S	QEXI22202.35385.35385.2
R.AVFVDLEPTVIDEVR{+10}.T	QEXI22202.35380.35380.2
R.SAS{+80}WGSTDQLKEIAK.L	QEXI22202.19763.19763.2
R.NADIDQVASLAGPGGQVEIEQNFLNNK.L	QEXI22202.36825.36825.3
K.AASADS{+80}TTEGTPADGFTVLSTK.S	QEXI22202.28633.28633.2
K.LSVPTS{+80}DEEDEVPAPK{+4}PR{+6}.G	QEXI22202.18881.18881.2
R.SQGGGDGVS{+80}PTPPEGLAPGVEAGK.G	QEXI22202.24118.24118.2
R.S{+80}QSGTLDGESAAWSASGEDSR{+10}.G	QEXI22202.19890.19890.2
R.R{+6}FDEILEASDGIMVAR{+6}.G	QEXI22202.28718.28718.3
R.TPLGAS{+80}LDEQSSSTLK.G	QEXI22202.20697.20697.2
K.GIVDQSQQAYQEAFEISK{+8}K{+8}.E	QEXI22202.24172.24172.3
K.IIVDELKQEVISTSSK.A	QEXI22202.22640.22640.3
K.ASLGSLEGEAEAEASS{+80}PKGK.F	QEXI22202.15817.15817.3
K.ESEIIDFFLGASLKDEVLK.I	QEXI22202.43418.43418.3
K.TIGGGDDSFNTFFSETGAGK{+8}.H	QEXI22202.29890.29890.2
R.VDSEGDFS{+80}ENDDAAGDFR.S	QEXI22202.20700.20700.2
R.LFPEFDDS{+80}DYDEVPEEGPGAPAR.V	QEXI22202.38122.38122.2
R.NVPQEESLEDS{+80}DVDADFK{+8}.A	QEXI22202.24829.24829.2
R.DNLTLWTSENQGDEGDAGEGEN.-	QEXI22202.31627.31627.2
R.R{+6}DS{+80}SDDWEIPDGQITVGQR{+6}.I	QEXI22202.27129.27129.3
R.NLDIERPTYTNLNR.L	QEXI22202.14966.14966.3
K.AAAFEEQENETVVVK.E	QEXI22202.14127.14127.2
R.VPLAPITDPQQLQLS{+80}PLK.G	QEXI22202.40197.40197.2
K.ASAAFSSVGSVITK.K	QEXI22202.17690.17690.2
R.LSS{+80}GFDDIDLPSAVK.Y	QEXI22202.34491.34491.2
K.GVDEVTIVNILTNR{+6}.S	QEXI22202.35213.35213.2
R.S{+80}S{+80}LSGDEEDELFK{+8}GATLK{+8}.A	QEXI22202.31753.31753.2
K.VEMYS{+80}GS{+80}DDDDDFNK{+4}LPK{+4}.K	QEXI22202.26561.26561.2
K.SETSGSFEDALLAIVK.C	QEXI22202.38641.38641.2
K.SNS{+80}LSEQLAINTSPDAVK{+8}.A	QEXI22202.26814.26814.2
R.GTGQS{+80}DDS{+80}DIWDDTALIK.A	QEXI22202.43575.43575.2
K.K{+8}EESEES{+80}DDDMGFGLFD.-	QEXI22202.38711.38711.2
R.SSS{+80}PEDPERDEEVLNHVLR.D	QEXI22202.21861.21861.3
K.MAVTFIGNSTAIQELFK{+4}R{+6}.I	QEXI22202.34496.34496.3
K.LIAPVAEEEATVPNNK.I	QEXI22202.17835.17835.2
R.FLEDDTS{+80}DPTYTSALGGK{+4}.I	QEXI22202.28787.28787.2
K.THINIVVIGHVDSGK.S	QEXI22202.12130.12130.3
K.FTASAGIQVVGDDLTVTNPK{+8}R{+10}.I	QEXI22202.24059.24059.3
K.GILAADESTGSIAK{+8}.R	QEXI22202.13315.13315.2
R.ILGADTSVDLEETGR.V	QEXI22202.20974.20974.2
R.S{+80}FEVEEVETPNSTPPR.R	QEXI22202.24355.24355.2
R.NLIDEDGNNQWPEGLK{+8}.F	QEXI22202.25649.25649.2
R.IIYDS{+80}DS{+80}ESEETLQVK.N	QEXI22202.30522.30522.2
R.IHQDSES{+80}GDELSSSSTEQIR.A	QEXI22202.9274.9274.3
R.IEDGNNFGVAVQEK.V	QEXI22202.13650.13650.2
K.MAVTFIGNSTAIQELFK.R	QEXI22202.39690.39690.2
K.SPS{+80}PPDGSPAATPEIR.V	QEXI22202.17789.17789.2
R.LVLEVAQHLGESTVR.T	QEXI22202.21309.21309.2
R.AEDGSVIDYELIDQDAR.D	QEXI22202.27944.27944.2
R.DNLTLWTSDTQGDEAEAGEGGEN.-	QEXI22202.33008.33008.2
R.GITINAAHVEYSTAAR.H	QEXI22202.12991.12991.3
R.VLS{+80}PPKLNEVSSDANR.E	QEXI22202.19500.19500.3
K.ILDSVGIEADDDR{+10}LNK{+8}.V	QEXI22202.17449.17449.3
K.VEDVSAVEIVGGATR{+10}.I	QEXI22202.21254.21254.2
R.SAS{+80}PDDDLGSSNWEAADLGNEER.K	QEXI22202.29066.29066.3
K.VPAINVNDSVTK.S	QEXI22202.12555.12555.2
K.APAPLGTVADS{+80}LRASDGQLQAK.A	QEXI22202.25063.25063.3
K.VDATEESDLAQQYGVR{+10}.G	QEXI22202.18966.18966.2
R.ELVFKEDGQEYAQVIK.M	QEXI22202.21511.21511.3
K.FGYVDFESAEDLEK.A	QEXI22202.29228.29228.2
R.NADS{+80}R{+10}GSLISTDSGNSLPER{+10}.N	QEXI22202.15277.15277.3
R.DVAEAK{+4}PELSLLGDGDH.-	QEXI22202.23886.23886.3
R.GSYGS{+80}DAEEEEYRQQLSEHSK.R	QEXI22202.10705.10705.3
R.SYS{+80}AGNASQLEQLSR{+6}.A	QEXI22202.20496.20496.2
K.HNDDEQYAWESSAGGSFTVR{+10}.T	QEXI22202.19803.19803.3
R.GLS{+80}PAQADSQFLENAK{+8}.R	QEXI22202.26290.26290.2
R.VLGS{+80}EGEEEDEALS{+80}PAK.G	QEXI22202.23734.23734.2
K.GLDVDSLVIEHIQVNK.A	QEXI22202.29630.29630.3
K.NIEDVIAQGIGK{+4}.L	QEXI22202.25924.25924.2
R.TSFSVGS{+80}DDELGPIR{+6}.K	QEXI22202.29661.29661.2
R.SLLEGQEDHYNNLSASK{+4}.V	QEXI22202.11279.11279.3
R.K{+8}VQVAALQAS{+80}PPLDQDDR{+10}.A	QEXI22202.20321.20321.3
K.LQPS{+80}SSPENSLDPFPPR.I	QEXI22202.29468.29468.2
K.KGTENGVNGTLTSNVADS{+80}PR.N	QEXI22202.8983.8983.3
R.GAHGIIVVYDVTDQESFNNVK{+8}.Q	QEXI22202.25645.25645.3
R.SVGGS{+80}GGGSFGDNLVTR.S	QEXI22202.21028.21028.2
K.GNAEGS{+80}S{+80}DEEGK{+8}LVIDEPAK{+8}.E	QEXI22202.19687.19687.3
R.S{+80}IEVENDFLPVEK.T	QEXI22202.33820.33820.2
R.NS{+80}PGLLVSPGNLNK.N	QEXI22202.25143.25143.2
K.YLS{+80}FTPPEK{+8}DGFPSGTPALNAK{+8}.G	QEXI22202.31650.31650.3
R.IEVLPVDTGAGGYSGNS{+80}GSPK.N	QEXI22202.27933.27933.2
K.AMGIMNSFVNDIFER.I	QEXI22202.39239.39239.2
R.DSAIPVES{+80}DTDDEGAPR{+10}.I	QEXI22202.19353.19353.2
K.LIDLES{+80}PTPESQK.S	QEXI22202.21270.21270.2
K.DLLIAYYDVDYEK.N	QEXI22202.34473.34473.2
R.LQEK{+8}EDLQELNDR{+10}.L	QEXI22202.7347.7347.3
K.SDFQVNLNNASR{+6}.S	QEXI22202.13253.13253.2
K.AS{+80}LGS{+80}LEGEAEAEASSPK.G	QEXI22202.34324.34324.2
R.GLLPGGTQVLDGTSGFS{+80}PAPK.L	QEXI22202.36114.36114.2
R.AQTLPTSVVTITSES{+80}SPGKR.E	QEXI22202.21691.21691.2
R.TDGS{+80}ISGDRQPVTVADYISR.A	QEXI22202.23360.23360.3
K.ITLPVDFVTADK{+8}FDENAK{+8}.T	QEXI22202.31295.31295.3
R.K{+8}PS{+80}PAQAAETPALELPLPSVPAPAPL.-	QEXI22202.48154.48154.3
R.ALS{+80}SDSILSPAPDAR{+6}.A	QEXI22202.26294.26294.2
K.SQDADS{+80}PGSSGAPENLTFK{+8}.E	QEXI22202.20441.20441.2
K.VTQDELK{+4}EVFEDAAEIR{+6}.L	QEXI22202.31486.31486.3
R.NNQVLGIGS{+80}GSTIVHAVQR.I	QEXI22202.26435.26435.3
R.FIIGS{+80}VSEDNS{+80}EDEISNLVK.L	QEXI22202.47188.47188.2
K.YQVFFFGTHETAFLGPK.D	QEXI22202.31890.31890.3
R.GVVDSEDLPLNISR{+6}.E	QEXI22202.26384.26384.2
R.LAPDYDALDVANK.I	QEXI22202.20156.20156.2
R.SQS{+80}LPTTLLSPVR{+6}.V	QEXI22202.32251.32251.2
R.YALYDATYETK.E	QEXI22202.15046.15046.2
K.NWEDEDFYDS{+80}DDDTFLDR.T	QEXI22202.38528.38528.2
K.IFVGGIK{+8}EDTEEYNLR{+10}.D	QEXI22202.19943.19943.3
K.LEPVS{+80}PPS{+80}PPHTDPELELVPPR.L	QEXI22202.37768.37768.3
R.NAEAVLQS{+80}PGLSGK.V	QEXI22202.17134.17134.2
K.K{+8}VVEAVNS{+80}DS{+80}DSEFGIPK{+8}.K	QEXI22202.25870.25870.2
R.ETPHS{+80}PGVEDAPIAK.V	QEXI22202.9715.9715.2
K.VVQEYIDAFS{+80}DYANFK.-	QEXI22202.35972.35972.2
R.VAVEEVDEEGK{+8}FVR{+10}.L	QEXI22202.12782.12782.3
K.ALTDDS{+80}DENEEEDAFTDQK{+4}.I	QEXI22202.19912.19912.2
R.AAS{+80}PPASASDLIEQQQK.R	QEXI22202.20460.20460.2
R.SNS{+80}APLIHGLSDTSPVFQAEAPSAR{+10}.R	QEXI22202.31759.31759.3
R.AQS{+80}SPAAPASLSAPEPASQAR{+6}.V	QEXI22202.18760.18760.2
R.VR{+6}GGAPDPSPGATATPGAPAQPS{+80}SPDAR{+6}.R	QEXI22202.12134.12134.3
K.ADIK{+4}SPS{+80}LDVTVPEAELNLETPEISVGGK{+4}.G	QEXI22202.39538.39538.3
K.SVNEILGLAESS{+80}PNEPK.A	QEXI22202.30283.30283.2
R.QSSATS{+80}SFGGLGGGSVR.F	QEXI22202.29770.29770.2
R.EPRPNSSPS{+80}PSPGQASETPHPRPS.-	QEXI22202.5589.5589.3
R.TLS{+80}PTPSAEGYQDVR{+6}.D	QEXI22202.17877.17877.2
R.QATTIIADNIIFLSDQTK.E	QEXI22202.47770.47770.2
R.K{+8}ALVVPEPEPDSDS{+80}NQER{+10}.K	QEXI22202.13999.13999.3
R.SYS{+80}SPDITQAIQEEEK.R	QEXI22202.26902.26902.2
K.YLLGDAPVS{+80}PSSQK{+8}.L	QEXI22202.22389.22389.2
R.S{+80}PEAVGPELEAEEK.L	QEXI22202.17298.17298.2
R.K{+4}LS{+80}LGQYDNDAGGQLPFSK{+4}.C	QEXI22202.27567.27567.3
K.SEDDSAKFDS{+80}NEEDSASVFSPSFGLK.Q	QEXI22202.33246.33246.3
K.AVPIAVADEGES{+80}ESEDDDLKPR.G	QEXI22202.21839.21839.3
R.AS{+80}PSPQPSSQPLQIHR{+6}.Q	QEXI22202.11139.11139.2
K.VYVGNLGNNGNK{+8}TELER{+10}.A	QEXI22202.9065.9065.3
R.R{+6}NS{+80}SEASSGDFLDLK{+4}.G	QEXI22202.17919.17919.2
K.LVAIVDVIDQNR{+6}.A	QEXI22202.28925.28925.2
K.NAIS{+80}LPVIGGPQALTLPTAQAPPK{+8}PPR{+10}.L	QEXI22202.39293.39293.3
R.S{+80}STPLPTISSSAENTR{+10}.Q	QEXI22202.17526.17526.2
R.IITITGTQDQIQNAQYLLQNSVK{+8}.Q	QEXI22202.35792.35792.3
R.YVASYLLAALGGNS{+80}SPSAK{+8}.D	QEXI22202.39437.39437.2
K.NAIS{+80}LPQLNQAAYDSLVVGK{+8}.L	QEXI22202.41907.41907.3
K.LVINGNPITIFQER{+10}DPSK{+8}.I	QEXI22202.28552.28552.3
K.VAS{+80}GSDLHLTDIDSDSNR{+10}.G	QEXI22202.18451.18451.3
R.IFVEESIYDEFVR{+10}.R	QEXI22202.35220.35220.2
K.NQWQLS{+80}ADDLK{+8}K{+8}.L	QEXI22202.16424.16424.2
K.LVSIGAEEIVDGNAK{+8}.M	QEXI22202.21745.21745.2
R.APS{+80}PPLSQVFQTR{+6}.A	QEXI22202.30369.30369.2
R.TGPAATTLPDGAAAESLVESSEVAVIGFFK{+8}.D	QEXI22202.49172.49172.3
R.EHALLAYTLGVK.Q	QEXI22202.19007.19007.2
K.GKDETDSPTVHLGLDS{+80}DS{+80}ESELVIDLGEDHSGR.E	QEXI22202.34797.34797.3
R.SSS{+80}TSDILEPFTVER.A	QEXI22202.34460.34460.2
R.APS{+80}DSSLGTPSDGR{+6}PELR{+6}.G	QEXI22202.12852.12852.3
K.GILAADESTGSIAK{+4}R{+6}.L	QEXI22202.8973.8973.3
R.STS{+80}FR{+6}QGPEESGLGDGTGPK{+4}.L	QEXI22202.11365.11365.3
K.ISYIPDEEVSSPS{+80}PPQR.A	QEXI22202.25471.25471.2
K.QPAQSQNLS{+80}PLSGFSR{+6}.S	QEXI22202.36400.36400.2
R.TFS{+80}LDAVPPDHS{+80}PR.A	QEXI22202.25653.25653.2
R.AS{+80}TPDWVSEGPQPGLR.R	QEXI22202.26372.26372.2
K.ALIAAQYSGAQVR.V	QEXI22202.13797.13797.2
R.SATLS{+80}GSATNLASLTAALAK.A	QEXI22202.38910.38910.2
R.TFLEGDWTS{+80}PSK{+8}.S	QEXI22202.27566.27566.2
R.AFS{+80}EDEALAQQENR{+6}.H	QEXI22202.18151.18151.2
K.LDVGNAEVK{+4}LEEENR{+6}.S	QEXI22202.14239.14239.3
K.FEEESK{+8}EPVADEEEEDS{+80}DDDVEPITEFR{+10}.F	QEXI22202.28712.28712.3
R.HNS{+80}SDGFFNNGPLR.T	QEXI22202.18387.18387.2
R.ELYLSHNGIEVIEGLENNNK.L	QEXI22202.28899.28899.3
R.AAS{+80}PPASASDLIEQQQKR.G	QEXI22202.15653.15653.3
R.YISPDQLADLYK{+8}.S	QEXI22202.28545.28545.2
R.NLS{+80}GSTLYPVSNIPR{+6}.S	QEXI22202.30354.30354.2
K.IK{+4}WGDAGAEYVVESTGVFTTMEK{+4}.A	QEXI22202.33674.33674.3
R.AAAAGLGHPAS{+80}PGGSEDGPPGS{+80}EEEDAAR{+10}.E	QEXI22202.15462.15462.3
K.ALS{+80}IESLSPTDSSNGVNWR.T	QEXI22202.34870.34870.3
K.IGEHTPSALAIMENANVLAR.Y	QEXI22202.29654.29654.3
R.ELISNSSDALDK{+8}IR{+10}.Y	QEXI22202.15904.15904.3
R.S{+80}PPGSGASTPVGPWDQAVQR.R	QEXI22202.27536.27536.2
R.GAPS{+80}SPATGVLPSPQGK.S	QEXI22202.18622.18622.2
R.LEEGVAS{+80}DEEAEEAQPGSGPSPEPEGSPPAHPQ.-	QEXI22202.21411.21411.4
K.LGLVFDDVVGIVEIINSK.D	QEXI22202.50293.50293.3
K.IGLFGGAGVGK.T	QEXI22202.17961.17961.2
K.VATLNS{+80}EEESDPPTYK.D	QEXI22202.15404.15404.2
R.ITPSYVAFTPEGER{+6}.L	QEXI22202.21373.21373.2
R.ANNTFYGLSAGVFTK.D	QEXI22202.27721.27721.2
K.SNDS{+80}GEEAEKEFIFV.-	QEXI22202.36122.36122.2
R.LPS{+80}SPVYEDAASFK.A	QEXI22202.25565.25565.2
K.SPS{+80}FASEWDEIEK{+4}.I	QEXI22202.31101.31101.2
R.APS{+80}AS{+80}PLALHASR.L	QEXI22202.15941.15941.2
K.NAGVEGSLIVEK{+8}.I	QEXI22202.12352.12352.2
K.GVVDSDDLPLNVSR{+6}.E	QEXI22202.23704.23704.2
R.AQIFANTVDNAR.I	QEXI22202.11104.11104.2
K.VVEAVNS{+80}DS{+80}DSEFGIPK{+4}K{+4}.T	QEXI22202.22721.22721.2
R.R{+6}IS{+80}QVSSGETEYNPTEAR{+6}.-	QEXI22202.11408.11408.3
K.FLIPNASQAESK{+8}.V	QEXI22202.15943.15943.2
R.EVAAFAQFGSDLDAATQQLLSR.G	QEXI22202.43587.43587.3
K.NAVTQFVSSMSASADVLALAK.I	QEXI22202.42245.42245.3
R.GNPTVEVDLFTSK.G	QEXI22202.24034.24034.2
R.SVAPAS{+80}PPPPDGPLAHR.L	QEXI22202.14968.14968.3
K.AGNS{+80}DS{+80}EEDDANGRVELILEPK.D	QEXI22202.30962.30962.3
R.TATESFASDPILYRPVAVALDTK.G	QEXI22202.32170.32170.3
R.NDEELNK{+8}LLGK{+8}.V	QEXI22202.13333.13333.2
K.MSINAEEVVVGDLVEVK.G	QEXI22202.35209.35209.2
R.TVPPAVTGITFLSGGQSEEEASINLNAINK.C	QEXI22202.39084.39084.3
K.GTENGVNGTLTSNVADS{+80}PR{+6}.N	QEXI22202.14564.14564.2
R.ELISNASDALDK{+8}.I	QEXI22202.14089.14089.2
K.ATNES{+80}EDEIPQLVPIGK.K	QEXI22202.34090.34090.2
R.FVDHVFDEQVIDSLTVK{+8}.I	QEXI22202.32376.32376.3
R.VQRPKEES{+80}S{+80}EDENEVSNILR.S	QEXI22202.17128.17128.3
K.SADTLWDIQK{+8}.D	QEXI22202.18830.18830.2
R.K{+4}AS{+80}SPS{+80}PLTIGTPESQR{+6}.K	QEXI22202.17030.17030.2
K.TGQAGS{+80}LSGSPKPFSPQLSAPITTK.T	QEXI22202.25835.25835.3
R.LSSSSATLLNS{+80}PDR{+6}.A	QEXI22202.15654.15654.2
R.LLSGPSQES{+80}PQTLGK{+8}.E	QEXI22202.16660.16660.2
R.VVS{+80}STSEEEEAFTEK{+8}.F	QEXI22202.14935.14935.2
K.DVLSVAFSSDNR.Q	QEXI22202.24992.24992.2
R.ASGQAFELILS{+80}PR{+10}.S	QEXI22202.33394.33394.2
R.TSS{+80}FTEQLDEGTPNR{+10}.E	QEXI22202.18085.18085.2
R.GALQNIIPASTGAAK.A	QEXI22202.18908.18908.2
K.AAELIANSLATAGDGLIELR{+6}.K	QEXI22202.37851.37851.3
K.AKNWEDEDFYDS{+80}DDDTFLDR.T	QEXI22202.30733.30733.3
R.ISGLIYEETR.G	QEXI22202.14839.14839.2
R.IIDVVYNASNNELVR.T	QEXI22202.25114.25114.2
R.TTPSYVAFTDTER{+10}.L	QEXI22202.16646.16646.2
R.VLNTGS{+80}DVEEAVADALK{+8}.K	QEXI22202.38195.38195.2
K.TVTAMDVVYALK{+4}.R	QEXI22202.29294.29294.2
R.LLLAADPGGS{+80}PAQR.R	QEXI22202.21397.21397.2
R.FPSGNQGGAGPSQGSGGGTGGSVYTEDNDDDLYG.-	QEXI22202.25481.25481.3
R.ILQEKLDQPVS{+80}APPS{+80}PR.D	QEXI22202.21396.21396.2
-.VNPTVFFDIAVDGEPLGR{+6}.V	QEXI22202.41491.41491.2
R.RVVLGDGVQLPPGDYS{+80}TTPGGTLFS{+80}TTPGGTR.I	QEXI22202.39641.39641.3
K.IYVDDGLISLQVK.Q	QEXI22202.31052.31052.2
K.DVFISAAERDVYTGDALR.I	QEXI22202.27733.27733.3
R.NLETLPS{+80}FSS{+80}DEEDSVAK{+8}.N	QEXI22202.37346.37346.2
R.K{+8}TAS{+80}FGNILDVPEIVISGNGQPR{+10}.R	QEXI22202.40487.40487.3
R.NDEELNKLLGR.V	QEXI22202.14911.14911.2
R.TPALAALAALGAPGPAPTAASS{+80}P.-	QEXI22202.49087.49087.3
K.K{+8}FESEILEAISQNSVVIIR{+10}.G	QEXI22202.37057.37057.3
K.NFGIGQDIQPK.R	QEXI22202.15445.15445.2
R.NNS{+80}PPTVGAFGHTR.C	QEXI22202.10592.10592.2
R.AADEEAFEDNSEEYIR{+10}R{+10}.D	QEXI22202.14063.14063.3
R.GTEAS{+80}PPQNNSGSSSPVFTFR.H	QEXI22202.26147.26147.3
R.HQQQLLAS{+80}PGSSTVDNK.M	QEXI22202.9414.9414.3
K.K{+4}GSPVSEIGWETPPPES{+80}PR{+6}.L	QEXI22202.21462.21462.3
R.SLDMDSIIAEVK.A	QEXI22202.31819.31819.2
K.LVSESSDVLPK.-	QEXI22202.11708.11708.2
K.GYAFIEFASFEDAK.E	QEXI22202.34638.34638.2
K.THLPGFVEQAEALK{+8}.A	QEXI22202.19832.19832.3
R.DRS{+80}SPPPGYIPDELHQVAR.N	QEXI22202.20680.20680.3
R.DNIQGITKPAIR.R	QEXI22202.9795.9795.2
K.LFPDTPLALDANK.K	QEXI22202.28566.28566.2
R.ASS{+80}LGEIDESSELR.V	QEXI22202.20790.20790.2
K.ETDLLLDDSLVSIFGNR.R	QEXI22202.45241.45241.2
R.IHFPLATYAPVISAEK{+8}.A	QEXI22202.28257.28257.3
R.TSS{+80}VVTLEVAK{+8}.Q	QEXI22202.18851.18851.2
K.GYGFVHFETQEAAER.A	QEXI22202.15690.15690.3
K.NRPTS{+80}ISWDGLDSGK.L	QEXI22202.19737.19737.2
K.GGVTGS{+80}PEASIS{+80}GSK{+4}GDLK{+4}.S	QEXI22202.14491.14491.2
K.AALEDTLAETEAR{+6}.F	QEXI22202.15428.15428.2
R.SR{+10}S{+80}PLELEPEAK{+8}.K	QEXI22202.10156.10156.2
R.TQPDGTSVPGEPAS{+80}PISQR{+6}.L	QEXI22202.17090.17090.2
R.VAAAPDEDLDGDDEDDAEDENNIDNR.T	QEXI22202.16961.16961.3
R.GFPTIYFSPANK{+4}.K	QEXI22202.26729.26729.2
R.S{+80}PGAPGPLTLK.E	QEXI22202.19333.19333.2
K.LTFDSSFS{+80}PNTGK{+8}K{+8}.N	QEXI22202.16423.16423.2
K.ADLINNLGTIAK.S	QEXI22202.23043.23043.2
R.LHSS{+80}NPNLSTLDFGEEK.N	QEXI22202.21486.21486.3
K.GWLRDPSAS{+80}PGDAGEQAIR.Q	QEXI22202.20081.20081.3
R.LGS{+80}PDYGNSALLSLPGYRPTTR.S	QEXI22202.32104.32104.3
R.EQTLS{+80}PTITSGLHNIAR.S	QEXI22202.24322.24322.3
R.EIAQDFK{+4}TDLR{+6}.F	QEXI22202.11488.11488.2
R.GLLAQGLRPES{+80}PPPAGPLLNGAPAGESPQPK.A	QEXI22202.31593.31593.4
K.VGLQVVAVK.A	QEXI22202.14177.14177.2
R.ILDVNDNIPVVENK.V	QEXI22202.24794.24794.2
R.ELDEEGS{+80}DPPLPGR.A	QEXI22202.19197.19197.2
K.SLGGES{+80}S{+80}GGTTPVGSFHTEAAR{+10}.W	QEXI22202.19328.19328.3
K.AAPEASS{+80}PPASPLQHLLPGK.A	QEXI22202.28080.28080.3
R.VGVSSK{+8}PDS{+80}SPVLSPGNK{+8}.A	QEXI22202.10362.10362.3
R.ELISNASDALDK{+8}IR{+10}.Y	QEXI22202.20041.20041.3
K.GVGIISEGNETVEDIAAR{+10}.L	QEXI22202.25364.25364.3
R.NLS{+80}FNELYPSGTLK{+8}.L	QEXI22202.34803.34803.2
K.SGGSGHAVAEPAS{+80}PEQELDQNKGK.G	QEXI22202.7188.7188.3
R.IS{+80}PTAGNQNGLLNK{+4}.T	QEXI22202.15126.15126.2
K.VVLDDKDYFLFR.D	QEXI22202.27996.27996.3
R.KEVEVVEIIQATIIR.Q	QEXI22202.33642.33642.3
R.TDGFAEAIHS{+80}PQVAGVPR{+10}.F	QEXI22202.23093.23093.3
K.TPK{+8}DS{+80}PGIPPSANAHQLFR{+10}.G	QEXI22202.15096.15096.3
R.IS{+80}APNVDFNLEGPK{+4}.V	QEXI22202.32028.32028.2
K.IILDLISESPIK.G	QEXI22202.35270.35270.2
K.GFAFVQYVNER.N	QEXI22202.24467.24467.2
K.HAS{+80}PILPITEFSDIPR.R	QEXI22202.34766.34766.3
R.EAS{+80}PAPLAQGEPGREDLPTR.L	QEXI22202.17356.17356.3
K.FSK{+8}EEPVS{+80}SGPEEAVGK{+8}.S	QEXI22202.10128.10128.2
R.DQQNLPYGVTPAS{+80}PSGHSQGR.R	QEXI22202.16411.16411.3
R.AEGEWEDQEALDYFS{+80}DKESGK.Q	QEXI22202.26266.26266.3
K.EVQDLFEAQGNDR{+6}.L	QEXI22202.16826.16826.2
R.ILSISADIETIGEILK{+8}K{+8}.I	QEXI22202.38566.38566.3
K.GR{+10}LS{+80}GDEGS{+80}EDGDDYDTPPILK{+8}.E	QEXI22202.28609.28609.3
K.ALDVSAS{+80}DDEIAR{+10}.L	QEXI22202.18324.18324.2
R.ALEAANGELEVK.I	QEXI22202.11419.11419.2
K.AGYTDKVVIGMDVAASEFFR.S	QEXI22202.35995.35995.3
K.DVFGTSVYGQTVILTVSTSLSPR{+10}.S	QEXI22202.45411.45411.3
R.GGPAS{+80}PGGLQGLETR.R	QEXI22202.19939.19939.2
R.GYISPYFINTSK{+8}.G	QEXI22202.22926.22926.2
R.RPS{+80}QNAISFFNVGHSK.L	QEXI22202.16837.16837.3
R.LISQIVSSITASLR{+6}.F	QEXI22202.37283.37283.2
R.SLS{+80}PNHNTLQTLK.S	QEXI22202.10617.10617.2
R.YFEADPPGQVAAS{+80}PDPTT.-	QEXI22202.30707.30707.2
R.DMPGGFLFEGLS{+80}DDEDDFHPNTR.S	QEXI22202.41937.41937.3
R.SFS{+80}ADNFIGIQR.S	QEXI22202.31162.31162.2
R.GIDVQQVSLVINYDLPTNR.E	QEXI22202.37131.37131.2
R.EPALPLEPDS{+80}GGNTSPGVTANGEAR{+10}.T	QEXI22202.28198.28198.3
K.NSVVEASEAAYK{+4}EAFEISK{+4}.E	QEXI22202.26795.26795.3
R.QPPGVPNGPS{+80}SPTNESAPELPQR.H	QEXI22202.32357.32357.3
R.AIEALK{+8}EFNEDGALAVLQQFK{+8}.D	QEXI22202.37834.37834.3
R.SVS{+80}PTFLNPSDENLK{+4}.T	QEXI22202.28191.28191.2
K.HIEDTGS{+80}TPS{+80}IGENDLK.F	QEXI22202.18611.18611.2
R.QNS{+80}DPTSENPPLPTR.I	QEXI22202.24874.24874.2
K.SLAEPATS{+80}PGGNAEALATEGGDKR.A	QEXI22202.17150.17150.3
-.SETAPAETATPAPVEKS{+80}PAK.-	QEXI22202.8440.8440.3
K.GAEASAAS{+80}EEEAGPQATEPSTPSGPESGPTPASAEQNE.-	QEXI22202.23416.23416.3
K.IGGIGTVPVGR{+10}.V	QEXI22202.14218.14218.2
R.LVNLQHLDLLNNK.L	QEXI22202.23122.23122.3
K.LIPITGGNARS{+80}PEDQLGK.H	QEXI22202.19376.19376.3
R.TLQR{+10}LS{+80}SGFDDIDLPSAVK{+8}.Y	QEXI22202.31392.31392.3
R.LQEENLVITPR.L	QEXI22202.17330.17330.2
R.GPS{+80}PSPVGSPASVAQSR{+6}.S	QEXI22202.14892.14892.2
K.ASGPPVSELITK.A	QEXI22202.16157.16157.2
R.EAEAAIYHLQLFEELR{+10}R{+10}.L	QEXI22202.27847.27847.3
K.SAIVHLINYQDDAELATR{+6}.A	QEXI22202.23207.23207.3
R.IES{+80}DEEEDFENVGK{+8}.V	QEXI22202.19417.19417.2
R.TS{+80}SLTQFPPSQSEER.S	QEXI22202.18805.18805.2
R.DLFSLDSEDPSPAS{+80}PPLR{+6}.S	QEXI22202.41574.41574.2
K.VDQETLTEMVK{+8}PSIDYVR{+10}.H	QEXI22202.28034.28034.3
R.FPGDQVVNGAGPELS{+80}TGPSPGSPTLDIDQSIEQLNR{+10}.L	QEXI22202.44438.44438.4
R.GAAAADLLS{+80}SSPESQHGGTQSPGGGQPLLQPTKVDAAEGR.R	QEXI22202.24471.24471.4
R.AYQHGGVTGLS{+80}QY.-	QEXI22202.17607.17607.2
R.SPQGPSPVLAEDS{+80}EGEG.-	QEXI22202.23597.23597.2
R.NIIVFYGSQTGTAEEFANR{+10}.L	QEXI22202.28960.28960.3
K.FQDGDLTLYQSNTILR{+10}.H	QEXI22202.29465.29465.2
R.FDAGELITQR{+6}.E	QEXI22202.19979.19979.2
R.GQFSTDELVAEVEK{+8}R{+10}.N	QEXI22202.22295.22295.3
K.VLLPEYGGTK.V	QEXI22202.14267.14267.2
R.IALTDNALIAR{+6}.S	QEXI22202.21350.21350.2
R.LLADPTGAFGK.E	QEXI22202.19199.19199.2
R.LDSQPQETS{+80}PELPR{+10}.R	QEXI22202.16136.16136.2
R.S{+80}ASDNTLVAMDFSGHAGR{+6}.V	QEXI22202.23146.23146.3
R.S{+80}SSVGSSSSYPISPAVSR.T	QEXI22202.19723.19723.2
R.DSLGDFIEHYAQLGPS{+80}SPEQLAAGAEEGGGPR.R	QEXI22202.44094.44094.4
K.STGGAPTFNVTVTK{+8}.T	QEXI22202.14844.14844.2
R.SLS{+80}SSLQAPVVSTVGMQR.L	QEXI22202.32681.32681.2
K.TGAAPIIDVVR{+6}.S	QEXI22202.19547.19547.2
R.S{+80}FEVEEVETPNSTPPR{+6}R{+6}.V	QEXI22202.17783.17783.3
-.VNFTVDQIR.A	QEXI22202.16140.16140.2
K.YEELQSLAGK{+8}.H	QEXI22202.11016.11016.2
K.VGINYQPPTVVPGGDLAK{+8}.V	QEXI22202.27421.27421.2
R.LLLPGELAK{+8}.H	QEXI22202.21193.21193.2
R.RAS{+80}LSDLTDLEDIEGLTVR.Q	QEXI22202.38532.38532.3
R.LLLAEDS{+80}EEEVDFLSER{+10}.R	QEXI22202.40083.40083.2
K.VAS{+80}PGSTIDTAPLSSVDSLINKFDSQLGGQAR.G	QEXI22202.46563.46563.3
R.GILLYGPPGTGK{+4}.T	QEXI22202.20459.20459.2
R.AQGEPVAGHES{+80}PKIPYEK.Q	QEXI22202.9205.9205.3
R.NVFEVGPGDS{+80}PTFPR.F	QEXI22202.31847.31847.2
R.DYFEEYGKIDTIEIITDR.Q	QEXI22202.35480.35480.3
R.R{+10}TPS{+80}DDEEDNLFAPPK{+8}.L	QEXI22202.18422.18422.3
K.TAVVVGTITDDVR.V	QEXI22202.18836.18836.2
K.R{+10}AS{+80}GQAFELILS{+80}PR{+10}.S	QEXI22202.32605.32605.3
R.VFPEPTES{+80}GDEGEELGLPLLSTR{+10}.H	QEXI22202.45334.45334.2
K.AAVPDTVVEPALK.A	QEXI22202.19235.19235.2
K.LGGSAVISLEGK{+4}PL.-	QEXI22202.24618.24618.2
K.KGEGLPNFDNNNIK.G	QEXI22202.10429.10429.3
K.TVTAMDVVYALKR.Q	QEXI22202.24300.24300.2
K.FAAATGATPIAGR{+6}.F	QEXI22202.10706.10706.2
K.LGDVYVNDAFGTAHR{+10}.A	QEXI22202.17057.17057.3
R.DHS{+80}PTPSVFNSDEER{+10}YR{+10}.Y	QEXI22202.12955.12955.3
K.AQLS{+80}PGIYDDTSAR{+10}.R	QEXI22202.19626.19626.2
R.TTS{+80}EDNEVFGEADANQNNGTSSQDTAVTDSKR.T	QEXI22202.15764.15764.3
R.K{+4}LFIGGLSFETTEESLR{+6}.N	QEXI22202.28772.28772.3
K.LAANAFLAQR{+10}.I	QEXI22202.14828.14828.2
K.SLS{+80}SPTDNLELSLR.S	QEXI22202.31057.31057.2
K.FVEWLQNAEEES{+80}ES{+80}EGEEN.-	QEXI22202.49753.49753.2
K.LLDFGS{+80}LSNLQVTQPTVGMNFK{+8}.T	QEXI22202.46844.46844.2
R.ALGQNPTNAEVLK{+8}.V	QEXI22202.10692.10692.2
K.NSSYFVEWIPNNVK{+8}.V	QEXI22202.30564.30564.2
K.AQSLVIS{+80}PPAPS{+80}PR.K	QEXI22202.30623.30623.2
K.VEVTEFEDIK.S	QEXI22202.19118.19118.2
R.NIPS{+80}PGQLDPDTRIPVINLEDGTR.L	QEXI22202.37405.37405.3
K.LSELEAALQR.A	QEXI22202.16261.16261.2
R.VALTGLTVAEYFR.D	QEXI22202.33196.33196.2
K.DTTKLEPAS{+80}PPEDTSAEVSR.A	QEXI22202.15840.15840.3
R.VETGVLKPGMVVTFAPVNVTTEVK.S	QEXI22202.32623.32623.3
R.GGSISVQVNSIK{+4}FDS{+80}E.-	QEXI22202.28934.28934.2
R.ASLEAAIADAEQR.G	QEXI22202.18336.18336.2
K.VAPVINNGS{+80}PTILGK.R	QEXI22202.25564.25564.2
R.K{+4}ASGPPVSELITK{+4}.A	QEXI22202.9311.9311.2
R.SQDATFSPGS{+80}EQAEK{+4}SPGPIVSR{+6}.T	QEXI22202.16047.16047.3
R.VGS{+80}PLTLTDAQTR{+10}.V	QEXI22202.21216.21216.2
R.SDK{+8}S{+80}PDLAPTPAPQSTPR{+10}.N	QEXI22202.11544.11544.3
R.LLLIGDSGVGK{+8}.T	QEXI22202.21658.21658.2
K.LVSFHDDS{+80}DEDLLHI.-	QEXI22202.33432.33432.2
K.SLTNDWEDHLAVK{+8}.H	QEXI22202.18328.18328.3
K.QMEQISQFLQAAER.Y	QEXI22202.45310.45310.2
R.TNPS{+80}PTNPFSSDLQK.T	QEXI22202.22774.22774.2
R.AALAHSEEVTASQVAATK.T	QEXI22202.7379.7379.3
K.TGISDVFAK{+8}.N	QEXI22202.15424.15424.2
R.LQAEIEGLK{+8}GQR{+10}.A	QEXI22202.7387.7387.2
K.NLNNSNLFS{+80}PVNR{+6}.D	QEXI22202.24148.24148.2
R.LEGLTDEINFLR{+10}.Q	QEXI22202.33004.33004.2
K.FNVWDTAGQEK.F	QEXI22202.16539.16539.2
K.SNNWS{+80}LEDVTASDK{+8}.N	QEXI22202.24045.24045.2
R.TVIIEQSWGS{+80}PK{+8}.V	QEXI22202.23800.23800.2
R.AAVQELS{+80}SSILAGEDPEER{+10}.G	QEXI22202.29008.29008.2
R.FTQAGSEVSALLGR.I	QEXI22202.23765.23765.2
R.AGGLDWPEATEVS{+80}PSR{+6}.T	QEXI22202.27679.27679.2
R.AGVNTVTTLVENK{+8}.K	QEXI22202.15554.15554.2
K.ELS{+80}NSPLRENSFGSPLEFR.N	QEXI22202.30096.30096.3
R.LVSNHSLHETSSVFVDSLTK{+8}.A	QEXI22202.16839.16839.4
K.AVSETPAVPPVS{+80}EDEDDDDDDATPPPVIAPRPEHTK.S	QEXI22202.25613.25613.4
K.QQS{+80}EEDLLLQDFSR.N	QEXI22202.48137.48137.2
R.SFS{+80}PLQPGQAPTGR{+6}.A	QEXI22202.20956.20956.2
R.R{+6}QVS{+80}ASELHTSGILGPETLR{+6}.D	QEXI22202.20098.20098.3
R.FPGQLNADLR{+6}K{+4}.L	QEXI22202.10180.10180.3
R.IVLQIDNAR.L	QEXI22202.13550.13550.2
K.GPPDFS{+80}S{+80}DEEREPTPVLGSGAAAAGR.S	QEXI22202.28373.28373.4
K.TTS{+80}PLEEEEREIK.S	QEXI22202.11921.11921.2
K.AGNLGGGVVTIER{+10}.S	QEXI22202.13505.13505.2
K.ASIGQS{+80}PGLPSTTFK.L	QEXI22202.23898.23898.2
K.TGK{+4}EYIPGQPPLSQSSDS{+80}SPTR{+6}.N	QEXI22202.16147.16147.3
K.ANPPAVTFELTGETDNIFVIER{+10}.E	QEXI22202.39951.39951.3
R.VHGEPTS{+80}DLS{+80}DID.-	QEXI22202.24406.24406.2
R.LSAETLQQVNR.L	QEXI22202.10009.10009.2
R.QS{+80}PASPPPLGGGAPVR{+10}.T	QEXI22202.30076.30076.2
R.TGEAIVDAALSALR{+10}.Q	QEXI22202.35283.35283.2
K.NDLAVVDVR{+6}.I	QEXI22202.13639.13639.2
R.QIS{+80}VSSPGSSTDINVK.K	QEXI22202.31047.31047.2
R.YEEVSVSGFEEFHR.A	QEXI22202.19933.19933.3
K.K{+4}IEDNNTLVFIVDVK{+4}.A	QEXI22202.27245.27245.3
R.NELESYAYSLK.N	QEXI22202.18762.18762.2
R.NNLAGAEELFAR.K	QEXI22202.21426.21426.2
R.GTIEILSDVQLIK.T	QEXI22202.33861.33861.2
R.NSNLVGAAHEELQQSR.I	QEXI22202.8346.8346.3
R.GLS{+80}PAQADSQFLENAKR.L	QEXI22202.20481.20481.3
-.GKS{+80}ESQMDITDINTPKPK.-	QEXI22202.11272.11272.3
K.ISNLS{+80}PEEEQGLWK{+8}.Q	QEXI22202.26969.26969.2
R.DRPGS{+80}PESPLLDAPFSR.A	QEXI22202.28924.28924.3
K.ISDYFEYQGGNGS{+80}SPVR{+6}.G	QEXI22202.23314.23314.2
K.SKLNLAQFLNEDLS{+80}.-	QEXI22202.38939.38939.2
K.LEGVLAEVAQHYQDTLIR.A	QEXI22202.32665.32665.3
R.DNSDFDLLTVSETANEPPQDEGNSFNSPR.N	QEXI22202.35728.35728.3
K.VDNLTYR{+6}TS{+80}PDTLR{+6}.R	QEXI22202.14140.14140.3
R.SESLIDAS{+80}EDSQLEAAIR{+10}.A	QEXI22202.33318.33318.2
K.TVIRLPS{+80}GS{+80}GAASPTGSAVDIR.A	QEXI22202.29233.29233.3
R.ASS{+80}PPDRIDIFGR.T	QEXI22202.22621.22621.3
K.DAGTIAGLNVLR{+6}.I	QEXI22202.26664.26664.2
R.DNLTLWTSDQQDEEAGEGN.-	QEXI22202.32095.32095.2
R.GVVQELQQAISK{+8}.L	QEXI22202.24387.24387.2
K.LLQDFFNGK{+8}.E	QEXI22202.23109.23109.2
K.NAVEEYVYEFR.D	QEXI22202.24486.24486.2
R.RGS{+80}GDTSISIDTEASIR.E	QEXI22202.16422.16422.2
R.STHNLQVAALDANGIIVEGPVPITIK{+8}.V	QEXI22202.35564.35564.3
K.DAEAWFTSR{+10}.T	QEXI22202.19049.19049.2
R.SSLGQS{+80}ASETEEDTVSVSK.K	QEXI22202.15002.15002.2
K.LEVTEIVKPS{+80}PK.R	QEXI22202.18312.18312.2
K.TSDIFGS{+80}PVTATSR.L	QEXI22202.23110.23110.2
K.ANVS{+80}SPHR{+10}EFPPATAR{+10}.E	QEXI22202.5716.5716.3
K.FHALS{+80}S{+80}PQSPFPSTPTSR.R	QEXI22202.26186.26186.3
R.AGLQFPVGR{+6}.V	QEXI22202.16642.16642.2
R.DLEK{+8}PFLLPVEAVYSVPGR{+10}.G	QEXI22202.38561.38561.3
K.VAPVINNGS{+80}PTILGKR.S	QEXI22202.18825.18825.2
R.R{+6}AS{+80}QEANLLTLAQK{+4}.A	QEXI22202.18627.18627.3
R.YLAEFATGNDR{+10}.K	QEXI22202.12822.12822.2
K.AVS{+80}PPPS{+80}PRAS{+80}PVAALK.A	QEXI22202.26533.26533.3
K.GPQPPTVS{+80}PIR{+6}.S	QEXI22202.15401.15401.2
K.SIYGEKFEDENFILK.H	QEXI22202.24455.24455.3
K.EYIPGQPPLSQSSDS{+80}SPTR.N	QEXI22202.22962.22962.2
R.NLQS{+80}PTQFQTPR.S	QEXI22202.16735.16735.2
R.LGAPENSGIS{+80}TLER.G	QEXI22202.17902.17902.2
K.EHYPVS{+80}S{+80}PSSPSPPAQPGGVSR.N	QEXI22202.18435.18435.3
R.GDLGIEIPAEK.V	QEXI22202.20403.20403.2
R.S{+80}SLS{+80}GDEEDELFK{+4}.G	QEXI22202.32782.32782.2
K.EVVNAIIESGK.T	QEXI22202.13731.13731.2
R.VEHPNGTGVLGPHS{+80}PPAQPTPGPPDNTLQETGTFPSS.-	QEXI22202.28845.28845.4
K.DVNAAIATIK{+4}.T	QEXI22202.15505.15505.2
R.KLLLDPS{+80}SPPTK.A	QEXI22202.17109.17109.2
K.SEPVKEESSELEQPFAQDTS{+80}SVGPDR.K	QEXI22202.21931.21931.3
K.VANPFWNQLS{+80}ASNPFLDDITQLR{+10}.N	QEXI22202.50292.50292.3
K.AIMTYVSSFYHAFSGAQK{+4}.A	QEXI22202.31640.31640.3
K.LLEPVLLLGK.E	QEXI22202.32602.32602.2
K.NLLLS{+80}TSEEQIEK{+8}.C	QEXI22202.25774.25774.2
R.ANS{+80}PSLFGTEGK{+8}PK{+8}.M	QEXI22202.10103.10103.2
K.FAFQAEVNR.M	QEXI22202.13733.13733.2
R.LDIDSPPITAR.N	QEXI22202.19445.19445.2
K.LFGGFNSSDTVTS{+80}PQR.A	QEXI22202.24978.24978.2
R.AAAAAATAPPS{+80}PGPAQPGPR{+10}.A	QEXI22202.12422.12422.3
K.ADAVQDSEMVELVELEIR{+6}.E	QEXI22202.40048.40048.2
K.VQQTVQDLFGR.A	QEXI22202.18397.18397.2
K.EGHLSPDIVAEQK.K	QEXI22202.8314.8314.3
R.VGDVYIPR{+10}.E	QEXI22202.11451.11451.2
K.GGLLTSEEDSGFS{+80}TSPKDNSLPK.K	QEXI22202.23347.23347.3
R.GNDVAFHFNPR{+6}.F	QEXI22202.10797.10797.3
R.RGS{+80}LTLTISGESPK.A	QEXI22202.15245.15245.2
R.SSLPLDHGSPAQENPESEKS{+80}SPAVSR.S	QEXI22202.11140.11140.3
R.VPAAFPTK{+8}VPVPGPGS{+80}GGNGPER{+10}.E	QEXI22202.24958.24958.3
R.SLTSS{+80}LENIFSR{+6}.G	QEXI22202.35649.35649.2
K.TFVNITPAEVGVLVGK{+8}DR{+10}.S	QEXI22202.30498.30498.3
K.QAS{+80}LPVSGSVAGDFVK{+4}.K	QEXI22202.41667.41667.2
K.SEWLDPS{+80}QKSPLHVGETR.K	QEXI22202.18808.18808.3
R.DVYLS{+80}PRDDGYSTK.D	QEXI22202.14411.14411.3
R.GGS{+80}PAPLPAKVDEATSGLIR.E	QEXI22202.26847.26847.3
R.MHLPS{+80}PTDSNFYR{+10}.A	QEXI22202.21594.21594.3
R.TINEVENQILTR.D	QEXI22202.18231.18231.2
R.ADRPSSLPLDFNDEFS{+80}DLDGVVQQR.R	QEXI22202.40311.40311.3
K.NTFTAWS{+80}DEES{+80}DYEIDDRDVNK.I	QEXI22202.30742.30742.3
R.ARS{+80}VDALDDLTPPSTAESGSR.S	QEXI22202.21321.21321.2
R.LAETQEEISAEVAAK.A	QEXI22202.14113.14113.2
R.IPLENLQIIR.G	QEXI22202.27243.27243.2
K.SYELPDGQVITIGNER.F	QEXI22202.27780.27780.3
K.DVEVTKEEFVLAAQK.F	QEXI22202.20497.20497.3
K.ALVVPEPEPDSDS{+80}NQER{+6}.K	QEXI22202.22019.22019.2
R.SLS{+80}PGGAALGYR{+6}.D	QEXI22202.19284.19284.2
K.LTQLGTFEDHFLSLQR.M	QEXI22202.29359.29359.3
R.AVS{+80}LDSPVSVGSSPPVK.N	QEXI22202.27142.27142.2
R.LLS{+80}PQQPALQR{+6}.N	QEXI22202.20388.20388.2
R.QIS{+80}LPDLSQEEPQLK{+8}.T	QEXI22202.46129.46129.2
K.DLS{+80}TSPK{+8}PSPIPS{+80}PVLGR{+10}.K	QEXI22202.32891.32891.3
R.QITS{+80}PVSGINGDIR{+10}.A	QEXI22202.35017.35017.2
R.EGS{+80}PIPHDPEFGSK.L	QEXI22202.13754.13754.2
R.APS{+80}PAPPPLPSSR{+6}.R	QEXI22202.17579.17579.2
R.DDGVFVQEVTQNS{+80}PAAR{+10}.T	QEXI22202.26295.26295.3
R.K{+8}LDPGSEETQTLVR{+10}.E	QEXI22202.8804.8804.3
K.VEAK{+8}EES{+80}EES{+80}DEDMGFGLFD.-	QEXI22202.46921.46921.2
K.IDIIPNPQER.T	QEXI22202.18503.18503.2
R.QSSSS{+80}DTDLSLTPK.T	QEXI22202.27569.27569.2
R.LESLSETPGPS{+80}SPRQPR.K	QEXI22202.10739.10739.3
R.LLLNNDNLLR{+6}.E	QEXI22202.23028.23028.2
K.VAVNDAHLLQYNHR{+6}.V	QEXI22202.8561.8561.3
K.SQIHDIVLVGGSTR.I	QEXI22202.12867.12867.3
R.DSQDAS{+80}AEQSDHDDEVASLASASGGFGTK.V	QEXI22202.25998.25998.3
R.LTGS{+80}QLSITQVASIK.Q	QEXI22202.31278.31278.2
K.SSDQPLTVPVS{+80}PK.F	QEXI22202.20931.20931.2
K.DAGVIAGLNVLR.I	QEXI22202.30310.30310.2
R.K{+4}EGGLGPLNIPLLADVTR{+6}.R	QEXI22202.35276.35276.3
R.YFPTQALNFAFK.D	QEXI22202.33155.33155.2
R.K{+4}ATGPPVSELITK{+4}.A	QEXI22202.10002.10002.3
R.AASSDQLR{+6}DNS{+80}PPPAFK{+4}PEPPK{+4}.A	QEXI22202.13576.13576.3
R.TIPIDGNFFTYTR.H	QEXI22202.31349.31349.2
R.QAQEYEALLNIK{+8}.V	QEXI22202.36581.36581.2
R.VSFELFADK{+8}VPK{+8}.T	QEXI22202.23683.23683.2
R.RAS{+80}DGGANIQLHAQQLLK.R	QEXI22202.16088.16088.3
R.KPVTVS{+80}PTTPTSPTEGEAS.-	QEXI22202.15411.15411.2
R.S{+80}SDELDAWTDFR.S	QEXI22202.34765.34765.2
R.GSGTAS{+80}DDEFENLR.I	QEXI22202.16664.16664.2
K.TIQEVAGYVLIALNTVER{+6}.I	QEXI22202.47135.47135.2
R.EYGS{+80}TSSIDKQGTSGESFFDLLK.G	QEXI22202.36302.36302.3
K.GFGFVDFNS{+80}EEDAK.A	QEXI22202.33187.33187.2
R.AQQELVPPQQQAS{+80}PPQLPK.A	QEXI22202.24997.24997.2
R.LSFQHDPETSVLVLR{+10}.K	QEXI22202.23849.23849.3
R.S{+80}SLGSLQTPEAVTTR{+6}.K	QEXI22202.22408.22408.2
K.NLS{+80}PGAVESDVR{+6}.G	QEXI22202.18984.18984.2
R.LIEGVHPGSLVEKLPDS{+80}PALAK.K	QEXI22202.25889.25889.3
K.AITSLLGGGS{+80}PK.N	QEXI22202.23076.23076.2
K.IK{+4}NENTEGS{+80}PQEDGVELEGLK{+4}.Q	QEXI22202.16884.16884.2
K.AELNEFLTR.E	QEXI22202.18009.18009.2
R.TPNNVVS{+80}TPAPS{+80}PDASQLASSLSSQK{+8}.E	QEXI22202.32831.32831.3
K.SSS{+80}PELVTHLK.W	QEXI22202.10653.10653.2
R.VDTLEIQGDVTLSYVQI.-	QEXI22202.44278.44278.2
R.LDALVAEEHLTVDAR.V	QEXI22202.20912.20912.3
K.GLVQALQTK.V	QEXI22202.9868.9868.2
R.AINIADELPR{+10}.S	QEXI22202.20809.20809.2
R.DHSPTPS{+80}VFNSDEER.Y	QEXI22202.12920.12920.3
R.AVFPSIVGR{+10}PR{+10}.Q	QEXI22202.13723.13723.2
K.TK{+4}GVDEVTIVNILTNR{+6}.S	QEXI22202.28084.28084.3
R.STPFIVPSS{+80}PTEQEGR.Q	QEXI22202.25741.25741.2
K.VAVLGASGGIGQPLSLLLK{+8}.N	QEXI22202.40125.40125.2
K.VFLENVIRDAVTYTEHAK.R	QEXI22202.31715.31715.3
R.HLQLAIR{+6}.N	QEXI22202.5903.5903.2
R.LLIHQSLAGGIIGVK.G	QEXI22202.22682.22682.3
K.ISAAAS{+80}DS{+80}GVESFDEGSSH.-	QEXI22202.22722.22722.2
K.LEDS{+80}EVRSVAS{+80}NQS{+80}EMEFSSLQDMPK.E	QEXI22202.38685.38685.3
R.HGS{+80}FHEDEDPIGS{+80}PR.L	QEXI22202.10113.10113.3
K.TTHFVEGGDAGNR{+6}EDQINR{+6}.L	QEXI22202.4258.4258.3
R.DGDFENPVPYTGAVK.V	QEXI22202.23410.23410.2
K.IISSDR{+10}DLLAVVFYGTEK{+8}.D	QEXI22202.34704.34704.3
R.YSVDIPLDK.T	QEXI22202.19524.19524.2
K.FPDRLAEDEGDS{+80}EPEAVGQSR.G	QEXI22202.18096.18096.3
R.NHTLALTETGSVFAFGENK.M	QEXI22202.25253.25253.3
R.LQVVDQPLPVR{+10}.G	QEXI22202.20410.20410.2
K.VVDLLAPYAK{+4}.G	QEXI22202.22917.22917.2
R.DNLTLWTADNAGEEGGEAPQEPQS.-	QEXI22202.34240.34240.3
K.VAVVAGYGDVGK{+8}.G	QEXI22202.11983.11983.2
K.APSEEELHGDQTDFGQGS{+80}QSPQK{+8}QEEQR{+10}.Q	QEXI22202.9409.9409.4
R.LSGS{+80}R{+6}QDLIPSYSLGSNK{+4}.G	QEXI22202.22004.22004.3
K.ATQALVLAPTR.E	QEXI22202.13433.13433.2
K.VFLENVIR.D	QEXI22202.21962.21962.2
K.IDATSASVLASR{+6}.F	QEXI22202.13513.13513.2
R.ASR{+6}VPS{+80}S{+80}DEEVVEEPQSR{+6}.R	QEXI22202.13929.13929.3
R.RLS{+80}TSPDVIQGHQPR.D	QEXI22202.7564.7564.3
R.LPLQDVYK.I	QEXI22202.14434.14434.2
R.VSPATPGPALS{+80}DILR{+10}.S	QEXI22202.35633.35633.2
R.SPVPSPGS{+80}SSPQLQVK{+4}.S	QEXI22202.18659.18659.2
R.FRPFTFSQS{+80}TPIGLDR.V	QEXI22202.32117.32117.3
K.GALPLDTVTFYK.V	QEXI22202.28938.28938.2
R.RNGS{+80}PTPAGSLGGGAVATAGGPGSR.L	QEXI22202.12079.12079.3
R.ANTFVAELK{+8}.G	QEXI22202.12284.12284.2
R.ADGYEPPVQES{+80}V.-	QEXI22202.25010.25010.2
K.R{+10}IDFIPVS{+80}PAPS{+80}PTR{+10}.G	QEXI22202.33581.33581.2
K.AENPEPLVFGVK.Y	QEXI22202.21779.21779.2
K.LSGQNAMGS{+80}QDS{+80}LLEITFR.S	QEXI22202.45283.45283.2
K.AGQAVDDFIEK.L	QEXI22202.12814.12814.2
R.TDSR{+10}EDEIS{+80}PPPPNPVVK{+8}.G	QEXI22202.16659.16659.3
R.AAGS{+80}PSPLPAPDPAPK{+8}.S	QEXI22202.19471.19471.2
K.VPS{+80}GIFDVNSR.K	QEXI22202.26257.26257.2
R.TR{+6}S{+80}PS{+80}PDDILER{+6}.V	QEXI22202.17595.17595.2
K.LLDLS{+80}DS{+80}TSVASFPSADETDGNLPESR{+10}.I	QEXI22202.44101.44101.3
K.NLQYYDISAK.S	QEXI22202.13868.13868.2
R.SPLLAGGS{+80}PPQPVVPAHK{+8}.D	QEXI22202.22147.22147.3
K.RPAS{+80}PS{+80}SPEHLPATPAESPAQR.F	QEXI22202.12582.12582.3
K.IPGTPGAGGRLS{+80}PENNQVLTK.K	QEXI22202.17445.17445.3
R.SIQADGLVWGSSK.L	QEXI22202.19807.19807.2
K.R{+6}ISGLIYEETR{+6}.G	QEXI22202.9393.9393.3
R.VVLPIEAPIR.M	QEXI22202.26448.26448.2
R.GYSFTTTAEREIVR.D	QEXI22202.15003.15003.3
K.S{+80}VDFDSLTVR.T	QEXI22202.28082.28082.2
R.ILIPS{+80}DIESSK.S	QEXI22202.27198.27198.2
R.R{+6}APFDLFENR{+6}.K	QEXI22202.19694.19694.3
R.RSTS{+80}PIIGS{+80}PPVR.A	QEXI22202.17649.17649.2
R.NDS{+80}WGSFDLR{+6}.A	QEXI22202.29164.29164.2
K.ALELTGLK.V	QEXI22202.14057.14057.2
K.FASFIDK{+8}VR{+10}.F	QEXI22202.12687.12687.2
R.SVS{+80}SDSLGPPR{+6}PAPAR{+6}.T	QEXI22202.10880.10880.3
K.NR{+10}EPVQLETLSIR{+10}.G	QEXI22202.16313.16313.3
K.GHYTEGAELVDSVLDVVR.K	QEXI22202.33147.33147.3
K.LGSTAPQVLSTSS{+80}PAQQAENEAK.A	QEXI22202.21459.21459.2
R.SFS{+80}ASQSTDREGASPVTEVR.I	QEXI22202.13056.13056.3
R.ETLVYLTHLDYVDTER.I	QEXI22202.27878.27878.3
R.VLITTDLLAR.G	QEXI22202.26151.26151.2
K.AIFQTIQNR{+10}.N	QEXI22202.11285.11285.2
R.ALMLQGVDLLADAVAVTMGPK{+4}.G	QEXI22202.49700.49700.3
K.GGIDNPAITS{+80}DQELDDK.K	QEXI22202.20540.20540.2
R.VVLGDGVQLPPGDYS{+80}TTPGGTLFS{+80}TTPGGTR.I	QEXI22202.47147.47147.4
K.LLAESVTEVEIFGK.A	QEXI22202.31548.31548.2
R.LDS{+80}PPPSPITEASEAAEAAEAGNLAVSSR.E	QEXI22202.41219.41219.3
R.LSS{+80}STVAISYSPDR.V	QEXI22202.22128.22128.2
R.R{+10}S{+80}SDSWEVWGSASTNR{+10}.N	QEXI22202.19312.19312.3
R.LGGLR{+10}PES{+80}PESLTSVSR{+10}.T	QEXI22202.20284.20284.3
R.SLS{+80}VPVDLSR.W	QEXI22202.26918.26918.2
K.LARVDS{+80}EGDFS{+80}ENDDAAGDFR.S	QEXI22202.24123.24123.3
R.ELGEYGFHEYTEVK.T	QEXI22202.16445.16445.3
K.K{+4}QFS{+80}LENVQEGEILHDAK{+4}.T	QEXI22202.20594.20594.3
K.YYVTIIDAPGHR{+6}.D	QEXI22202.15847.15847.3
R.SES{+80}PPAELPSLR{+6}.R	QEXI22202.23897.23897.2
R.KLPIDVTEGEVISLGLPFGK.V	QEXI22202.39362.39362.3
K.SSEPVKETVQTTQS{+80}PTPVEK.E	QEXI22202.9084.9084.3
R.DNS{+80}PPPAFK{+8}PEPPK{+8}.A	QEXI22202.14059.14059.2
R.R{+6}ALS{+80}SDSILSPAPDAR{+6}.A	QEXI22202.17997.17997.3
R.FAS{+80}ENDLPEWK.E	QEXI22202.27481.27481.2
R.IINEPTAAAIAYGLDKR.E	QEXI22202.22463.22463.3
R.K{+4}DS{+80}LTQAQEQGNLLN.-	QEXI22202.18362.18362.2
K.GLGK{+8}PGGQGDAIQLS{+80}PK{+8}.L	QEXI22202.13287.13287.3
R.LPLLPPES{+80}PGPLR.Q	QEXI22202.34760.34760.2
R.GGGGNFGPGPGSNFR.G	QEXI22202.9512.9512.2
R.LAYINPDLALEEK.N	QEXI22202.26846.26846.2
K.QQPPEPEWIGDGES{+80}TSPSDK.V	QEXI22202.35604.35604.2
K.RS{+80}ASPDDDLGSSNWEAADLGNEER.K	QEXI22202.22584.22584.2
K.IQVLVEPDHFK.V	QEXI22202.16588.16588.3
K.VLGRS{+80}PLTILQDDNS{+80}PGTLTLR.Q	QEXI22202.39614.39614.3
K.TFVNITPAEVGVLVGK{+8}.D	QEXI22202.35163.35163.2
R.GFTIPEAFR{+6}.G	QEXI22202.24605.24605.2
K.S{+80}R{+10}EDLTAVVSVSTK{+8}.F	QEXI22202.18302.18302.3
R.NIPS{+80}PGQLDPDTR{+6}.I	QEXI22202.23048.23048.2
R.FIHQQPQS{+80}SSPVYGSSAK{+4}.T	QEXI22202.7906.7906.2
R.ATGDGS{+80}S{+80}PELPSLER.K	QEXI22202.27972.27972.2
R.ADSGPTQPPLSLS{+80}PAPETK.R	QEXI22202.25691.25691.2
K.AIGLPEELIQK.G	QEXI22202.24932.24932.2
R.NLLEDDS{+80}DEEEDFFLR{+10}GPSGPR{+10}.F	QEXI22202.35622.35622.3
R.TSLDIEEYS{+80}DTEVQK.N	QEXI22202.22051.22051.2
R.VVDFIDEGVNIGLEVK{+8}.S	QEXI22202.37021.37021.2
R.TSS{+80}LDNEGPHPDLLSFE.-	QEXI22202.35746.35746.2
R.AIAFLQQPR{+10}.S	QEXI22202.16730.16730.2
K.LAPVPS{+80}PEPQK{+8}PAPVS{+80}PESVK{+8}.A	QEXI22202.24182.24182.2
R.S{+80}SPGQTPEEGAQALAEFAALHGPALR.A	QEXI22202.37993.37993.4
K.IFR{+10}DGEEAGAYDGPR{+10}.T	QEXI22202.7974.7974.3
R.RQQPPLGPSS{+80}S{+80}LLSLPGLK.S	QEXI22202.39625.39625.3
R.SAS{+80}ADNLTLPR.W	QEXI22202.16853.16853.2
R.SYS{+80}LSELSVLQAK{+8}.S	QEXI22202.33987.33987.2
K.LITPAVVSER{+10}.L	QEXI22202.14711.14711.2
R.ASS{+80}LEDLVLK.E	QEXI22202.28888.28888.2
R.GGREGFES{+80}DTDSEFTFK.M	QEXI22202.20526.20526.3
R.AFGYYGPLR{+6}.S	QEXI22202.17888.17888.2
K.ASMSEFLES{+80}EDGEVEQQR.T	QEXI22202.26599.26599.2
R.VHIEIGPDGR.V	QEXI22202.7195.7195.3
K.GNKS{+80}PSPPDGSPAATPEIR.V	QEXI22202.10895.10895.2
K.AVSTVVVTTAPS{+80}PK.Q	QEXI22202.17310.17310.2
R.WLDES{+80}DAEMELR{+10}.A	QEXI22202.30926.30926.2
K.ESYSVYVYK.V	QEXI22202.12872.12872.2
R.INNVPAEGENEVNNELANR.M	QEXI22202.15725.15725.3
K.GLGS{+80}SPDLELLLR{+10}.S	QEXI22202.41173.41173.2
R.S{+80}FTGGLGQLVVPSK.A	QEXI22202.34092.34092.2
K.DFSALESQLQDTQELLQEENR.Q	QEXI22202.41167.41167.3
R.VFIGNLNTLVVK.K	QEXI22202.29136.29136.2
K.KQDDS{+80}PPRPIIGPALPPGFIK.S	QEXI22202.29918.29918.3
R.FHFPPLDTHS{+80}PTNDVQPGR.F	QEXI22202.22776.22776.3
K.GSEGYLAATYPTVGQTS{+80}PR{+10}.A	QEXI22202.25755.25755.2
R.LAPITSDPTEATAVGAVEASFK{+8}.C	QEXI22202.33442.33442.3
R.R{+10}PPS{+80}PDVIVLS{+80}DNEQPSS{+80}PR{+10}.V	QEXI22202.31012.31012.3
R.SAS{+80}ITNLSLDR{+6}.S	QEXI22202.21089.21089.2
K.IAAPELHKGDS{+80}DS{+80}EEDEPTK.K	QEXI22202.10058.10058.3
R.AS{+80}PGLLPVANGNSLNK{+8}.V	QEXI22202.25646.25646.2
R.FPGQLNADLR.K	QEXI22202.16880.16880.2
R.LQWDGS{+80}SDLSPSDSGSSK{+8}.T	QEXI22202.21162.21162.2
R.GLFIIDDK{+8}.G	QEXI22202.23103.23103.2
K.VVPSFLPVDQGGS{+80}LVGR.N	QEXI22202.37742.37742.2
K.LSLEGDHSTPPSAYGS{+80}VK{+8}.A	QEXI22202.13625.13625.3
R.S{+80}PVPAQIAITVPK.T	QEXI22202.29529.29529.2
R.ALPSLNTGS{+80}SSPR{+10}.G	QEXI22202.15264.15264.2
R.AVLLAGPPGTGK.T	QEXI22202.13481.13481.2
R.SAADS{+80}ISESVPVGPK.V	QEXI22202.20383.20383.2
R.R{+6}PILQLS{+80}PPGPR{+6}.G	QEXI22202.20704.20704.3
K.GLGTDEDAIISVLAYR{+6}.N	QEXI22202.37396.37396.2
R.VLSIGDGIAR{+10}.V	QEXI22202.15600.15600.2
K.GIPLATGDTS{+80}PEPELLPGAPLPPPK.E	QEXI22202.42515.42515.2
K.GALALAQAVQR.A	QEXI22202.14401.14401.2
K.VGSSGDIALHINPR{+10}.M	QEXI22202.11706.11706.3
R.AHS{+80}PASTLPNS{+80}PGSTFER{+6}.K	QEXI22202.19136.19136.3
K.TLSVAAAFNEDEDS{+80}EPEEMPPEAK{+8}.M	QEXI22202.32498.32498.3
K.DGTS{+80}PEEEIEIER.Q	QEXI22202.21648.21648.2
K.TPPSTTVGS{+80}HSPPETPVLTR.S	QEXI22202.16329.16329.3
K.SPAVATSTAAPPPPS{+80}SPLPSK.S	QEXI22202.19838.19838.3
R.EIAVGDSEGQIVIYDVGEQIAVPR.N	QEXI22202.39038.39038.3
R.YYTVFDRDNNR.V	QEXI22202.8056.8056.3
R.SKESVPEFPLS{+80}PPK.K	QEXI22202.23422.23422.2
K.VIR{+6}S{+80}ADVS{+80}PTTEGVK{+4}.R	QEXI22202.11952.11952.2
K.SQIDVALS{+80}QDSTYQGER{+6}.A	QEXI22202.21406.21406.3
R.TIAQDYGVLK.A	QEXI22202.13910.13910.2
K.EVVDYIIFGTVIQEVK.T	QEXI22202.42907.42907.2
R.SKFDS{+80}DEEEEDTENVEAASSGK.V	QEXI22202.11113.11113.3
K.LQS{+80}SQEPEAPPPRDVALLQGR.A	QEXI22202.21808.21808.3
K.LDNLVAILDINR.L	QEXI22202.35690.35690.2
R.ALLFIPR{+10}.R	QEXI22202.23471.23471.2
R.GPDKLLPYPTLASPAS{+80}D.-	QEXI22202.37088.37088.2
R.IQIWDTAGQER.Y	QEXI22202.16964.16964.2
R.TPVAS{+80}THS{+80}ISSAATPDR.I	QEXI22202.12788.12788.2
K.DLSQESSSTAPGSEVTIKQEPVS{+80}PK.K	QEXI22202.19277.19277.3
K.DQLIYNLLKEEQTPQNK.I	QEXI22202.26965.26965.3
K.APILIATDVASR{+10}.G	QEXI22202.20620.20620.2
K.LSDGVAVLK.V	QEXI22202.10488.10488.2
R.RFS{+80}DS{+80}EGEETVPEPR.L	QEXI22202.14801.14801.2
R.SPS{+80}PAHLPDDPK{+8}VAEK{+8}.Q	QEXI22202.8696.8696.3
R.K{+8}GDIFLVR{+10}.G	QEXI22202.9347.9347.2
R.SWS{+80}PPPEVSR{+6}.S	QEXI22202.17525.17525.2
R.SAVQK{+8}PPS{+80}TGSAPAIESVD.-	QEXI22202.19726.19726.2
R.VPVAS{+80}PSAHNISSSGGAPDR{+10}.T	QEXI22202.9599.9599.3
R.RGDLPFVVPR.R	QEXI22202.16606.16606.3
K.ISMQDVDLSLGS{+80}PK.L	QEXI22202.31929.31929.2
K.VNPIQGLASK.W	QEXI22202.11152.11152.2
R.IDIS{+80}PSTFR.K	QEXI22202.24806.24806.2
K.LES{+80}TSPKGGPPPPPPPPPR.A	QEXI22202.11968.11968.3
R.QNS{+80}ATESADSIEIYVPEAQTR.L	QEXI22202.41228.41228.3
R.GDSFTHTPPLDPQELDILK{+8}.T	QEXI22202.31824.31824.3
R.IQTNNNPFQVPIEEQR{+10}.G	QEXI22202.23502.23502.3
R.SSS{+80}LEGFHNHFK{+8}.V	QEXI22202.6603.6603.3
K.SGSLDDS{+80}FSDFQELPASSK{+8}.T	QEXI22202.31491.31491.2
K.LLGELLQDNAK.L	QEXI22202.20784.20784.2
K.IGPLGLSPK.K	QEXI22202.14780.14780.2
K.EFPGFLENQKDPLAVDK.I	QEXI22202.27299.27299.3
R.AELIVQPELK.Y	QEXI22202.19288.19288.2
K.R{+10}IDFTPVS{+80}PAPS{+80}PTR{+10}.G	QEXI22202.25101.25101.2
K.R{+6}PES{+80}PSEISPIK{+4}.G	QEXI22202.10489.10489.2
R.MDFAFPGS{+80}TNS{+80}LHR.M	QEXI22202.30081.30081.2
R.SLS{+80}LGDK{+8}EISR{+10}.S	QEXI22202.11474.11474.2
R.AQAELENVSGALNEAESK{+8}.T	QEXI22202.19083.19083.2
R.ALSSGGSITS{+80}PPLS{+80}PALPK.Y	QEXI22202.37099.37099.2
R.DTQSGSLLFIGR{+10}.L	QEXI22202.27203.27203.2
R.KAIS{+80}SANLLVR.S	QEXI22202.14068.14068.2
R.AQFEGIVTDLIR{+10}.R	QEXI22202.32262.32262.2
R.NPPPQDYES{+80}DDDSYEVLDLTEYAR{+10}.R	QEXI22202.39277.39277.3
R.NQKQPGVDS{+80}LSPVASLPK.Q	QEXI22202.21122.21122.3
R.LTQYHGGS{+80}LPNVSQLR{+6}.S	QEXI22202.19825.19825.3
K.SGTAETEPVEQDS{+80}SQPSLPLVR.A	QEXI22202.28728.28728.2
R.IYNIS{+80}GNGSPLADSK{+8}.E	QEXI22202.19303.19303.2
R.FGPGVAFR.A	QEXI22202.14103.14103.2
R.TAS{+80}FSESR{+10}ADEVAPAK{+8}.K	QEXI22202.9343.9343.3
K.WGDAGAEYVVESTGVFTTMEK{+8}.A	QEXI22202.36292.36292.2
R.FSEGVLQS{+80}PSQDQEK.L	QEXI22202.16152.16152.2
K.VPAS{+80}PLPGLER{+6}.K	QEXI22202.21919.21919.2
R.RNS{+80}FTPLSSSNTIR.R	QEXI22202.13662.13662.3
R.DK{+4}S{+80}PSSLLEDAK{+4}.E	QEXI22202.14262.14262.2
K.R{+10}AELPGSS{+80}SPLLAQPR{+10}.K	QEXI22202.17979.17979.3
R.IPGGNIYIS{+80}PLK{+8}S{+80}PYK{+8}.I	QEXI22202.30953.30953.2
R.GLLYDS{+80}DEEDEERPAR.K	QEXI22202.15814.15814.2
K.DAGQISGLNVLR.V	QEXI22202.23431.23431.2
K.FNASQLITQR{+10}.A	QEXI22202.16448.16448.2
R.DGK{+8}LVS{+80}ES{+80}SDVLPK{+8}.-	QEXI22202.24178.24178.2
K.SR{+6}LEQEIATYR{+6}.S	QEXI22202.8773.8773.3
R.DFQEYVEPGEDFPAS{+80}PQRR.N	QEXI22202.27116.27116.3
R.SLVQDSLSTNSSDLVAPS{+80}PDAFR.S	QEXI22202.36270.36270.3
R.AAS{+80}LR{+10}GGVGAPGSPSTPPTR{+10}.F	QEXI22202.11630.11630.3
K.FIIPNVVK.Y	QEXI22202.23541.23541.2
R.NGLSLAALK{+4}K{+4}.A	QEXI22202.8430.8430.2
K.AVDSLVPIGR.G	QEXI22202.18845.18845.2
R.EYVNS{+80}TSEESHDEDEIRPVQQQDLHR.A	QEXI22202.11780.11780.4
K.LPVALDPGAK{+8}.I	QEXI22202.14756.14756.2
R.LRVQS{+80}PEPPAPER.A	QEXI22202.9245.9245.3
R.THS{+80}TSSSLGSGESPFSR.S	QEXI22202.10477.10477.2
K.NIS{+80}SSPSVESLPGGR.E	QEXI22202.17875.17875.2
K.SLNILTAFQK.K	QEXI22202.27463.27463.2
K.FASFIDK.V	QEXI22202.11923.11923.2
R.R{+6}LFDDEAS{+80}VDEPR{+6}.R	QEXI22202.15212.15212.3
R.STS{+80}PIIGS{+80}PPVR{+6}.A	QEXI22202.26276.26276.2
K.VADIGLAAWGR.K	QEXI22202.23537.23537.2
K.VVIGMDVAASEFFR.S	QEXI22202.35827.35827.2
R.GNVGFVFTK.E	QEXI22202.15722.15722.2
R.LGSSGLGS{+80}ASSIQAAVR{+10}.Q	QEXI22202.23578.23578.2
R.S{+80}AEALGPGALVSPR.F	QEXI22202.25857.25857.2
R.SPLLAGGS{+80}PPQPVVPAHK{+8}DK{+8}.S	QEXI22202.16968.16968.3
K.LRDLEDSLAR.E	QEXI22202.8406.8406.3
R.ER{+10}PDLEAPAPGS{+80}PFR{+10}.V	QEXI22202.19842.19842.3
R.LAGS{+80}PPGSGQWK{+8}PK{+8}.V	QEXI22202.9874.9874.2
K.VEPPHS{+80}SHEDLTDGLSTR.S	QEXI22202.11610.11610.3
R.R{+10}QEQPSIES{+80}TSPISR{+10}.T	QEXI22202.8968.8968.3
K.YDGIILPGK{+4}.-	QEXI22202.17698.17698.2
R.ATDFVVPGPGK.V	QEXI22202.13908.13908.2
K.IVVVTAGVR.Q	QEXI22202.10600.10600.2
K.VGSGDTNNFPYLEK.T	QEXI22202.17978.17978.2
K.SGYIS{+80}ESENSEISQQVR.F	QEXI22202.19517.19517.2
K.AIS{+80}SANLLVR{+10}.S	QEXI22202.23222.23222.2
R.LQAEIEGLK.G	QEXI22202.12129.12129.2
R.GLESDVAELR.A	QEXI22202.15148.15148.2
R.LALVTGGEIASTFDHPELVK.L	QEXI22202.30768.30768.3
K.INLIAPPR{+10}.Y	QEXI22202.15300.15300.2
K.EAFQLFDR{+6}.T	QEXI22202.21390.21390.2
R.SAS{+80}QGALTSPSVSFSNHR.T	QEXI22202.15641.15641.3
K.GYDFESETDTETIAK{+4}.L	QEXI22202.17752.17752.2
K.SVIDLRPEDVVHES{+80}GSLGDR.S	QEXI22202.25396.25396.3
K.LFDIFSQQVATVIQSR.Q	QEXI22202.40542.40542.2
K.YGEPGEVFINK.G	QEXI22202.15671.15671.2
K.SVS{+80}TTNIAGHFNDESPLGLRR.I	QEXI22202.22302.22302.3
R.TPS{+80}SEEISPTK{+4}FPGLYR{+6}.T	QEXI22202.25802.25802.3
K.AILFVPR{+10}.R	QEXI22202.20277.20277.2
K.DLVLPTQALPAS{+80}PALK{+4}.N	QEXI22202.39977.39977.2
K.QAS{+80}FLEAEGGAK.T	QEXI22202.34141.34141.2
R.VDLYQQAS{+80}PPDALR.W	QEXI22202.25837.25837.2
R.S{+80}GGGDLTLGLEPSEEEAPR.S	QEXI22202.29587.29587.3
K.TLETVPLER.K	QEXI22202.12889.12889.2
K.AS{+80}QSRPNS{+80}SALETLGGEK.L	QEXI22202.16150.16150.2
R.ARS{+80}PPQPLGELK.R	QEXI22202.11798.11798.2
R.IDIS{+80}PSTLRK.H	QEXI22202.14039.14039.2
K.SNIDALLSR{+6}.L	QEXI22202.16125.16125.2
R.LESLSETPGPS{+80}SPR.Q	QEXI22202.14145.14145.2
R.TLLSDPTYR.E	QEXI22202.11612.11612.2
R.LVSPGSANETSSILVESVTR.S	QEXI22202.27200.27200.3
R.FHS{+80}PS{+80}TTWSPNKDTPQEK.K	QEXI22202.11222.11222.3
R.K{+4}LFIGGLSFETTDESLR{+6}.S	QEXI22202.28830.28830.3
R.GPVS{+80}PSVSFQPLAR{+10}.S	QEXI22202.29737.29737.2
K.VNDTIQIDLETGK{+8}ITDFIK{+8}.F	QEXI22202.34210.34210.3
R.TLS{+80}SSAQEDIIR.W	QEXI22202.18937.18937.2
R.NDARS{+80}PGSISYLPSFFTK.L	QEXI22202.34005.34005.3
R.VLGYIQLGQK.E	QEXI22202.18562.18562.2
K.VSTLPAITLK.L	QEXI22202.20916.20916.2
R.S{+80}ESPPAELPSLR{+10}R{+10}.S	QEXI22202.16213.16213.3
R.AAPFSLEYR{+10}.V	QEXI22202.17583.17583.2
R.SVDISLGDS{+80}PR.R	QEXI22202.18513.18513.2
R.HSS{+80}IS{+80}PSTLTLK{+8}.S	QEXI22202.20617.20617.2
R.K{+8}DDPVTNLNNAFEVAEK{+8}.Y	QEXI22202.21465.21465.3
K.DQS{+80}PPPS{+80}PPPSYHPPPPPTK{+4}.K	QEXI22202.18242.18242.3
R.AEELS{+80}PAALS{+80}PSLEPIR{+10}.C	QEXI22202.40017.40017.2
K.NVAEALGHS{+80}PKDPGGGGGPVR.A	QEXI22202.8302.8302.3
R.VVFQEFR{+10}.Q	QEXI22202.13366.13366.2
R.VVDALGNAIDGK.G	QEXI22202.14114.14114.2
R.LKVPPAINQFTQALDR.Q	QEXI22202.28346.28346.3
R.NYDLSFLK{+4}.T	QEXI22202.23896.23896.2
R.QAFQIGSPWR.T	QEXI22202.34055.34055.2
R.IGNLQTDLSDGLR.L	QEXI22202.21220.21220.2
K.FGVEQDVDMVFASFIR{+6}.K	QEXI22202.45814.45814.3
R.GR{+6}LS{+80}PVPVPR{+6}.A	QEXI22202.11527.11527.2
R.VNLEES{+80}SGVENSPAGAR{+6}PK{+4}.R	QEXI22202.9180.9180.2
R.IVAHAVEVPAVQS{+80}PR{+6}.R	QEXI22202.15821.15821.3
R.GLFIIDGK{+8}.G	QEXI22202.22369.22369.2
R.VDDDS{+80}LGEFPVTNSR.A	QEXI22202.25784.25784.2
R.GNVVPS{+80}PLPTRR.T	QEXI22202.12735.12735.2
R.YLTVAAVFR{+10}.G	QEXI22202.24211.24211.2
R.VFDK{+4}DGNGYISAAELR{+6}.H	QEXI22202.17471.17471.3
K.GGPEGVAAQAVAS{+80}AASAGPADAEMEEIFDDASPGK{+8}QK{+8}.E	QEXI22202.37925.37925.3
K.IAVHPLR{+10}.E	QEXI22202.20444.20444.2
R.EAYPGDVFYLHSR{+10}.L	QEXI22202.19407.19407.3
R.S{+80}SSVPHPFQVTLLR{+6}.N	QEXI22202.27696.27696.3
R.GTLDEEDEEADS{+80}DTDDIDHR.V	QEXI22202.11756.11756.3
R.GGDVS{+80}PSPYSSSSWR.R	QEXI22202.17636.17636.2
K.AEFTS{+80}PPSLFK.T	QEXI22202.31892.31892.2
R.NLLSVAYK.N	QEXI22202.14476.14476.2
K.SPSPGGPQLS{+80}PQLPR.N	QEXI22202.22125.22125.3
K.TVASPGVTVEEAVEQIDIGGVTLLR{+10}.A	QEXI22202.44936.44936.3
K.R{+6}PES{+80}PS{+80}EISPIK{+4}GSVR{+6}.T	QEXI22202.11635.11635.2
R.VSGGLEVLAEK{+8}.C	QEXI22202.14550.14550.2
K.SILFVPTSAPR{+10}.G	QEXI22202.23950.23950.2
R.QLS{+80}LPLTQSK{+8}.S	QEXI22202.40246.40246.2
K.NAMS{+80}LPQLNEK{+8}.E	QEXI22202.22899.22899.2
K.LVPVGYGIK.K	QEXI22202.15021.15021.2
K.DGKYSQVLANGLDNK.L	QEXI22202.12625.12625.3
R.SGVSLAALK.K	QEXI22202.11203.11203.2
K.DIDIS{+80}SPEFK{+8}.I	QEXI22202.25912.25912.2
R.VPEASSEPFDTS{+80}SPQAGR.Q	QEXI22202.17024.17024.2
K.S{+80}VSTTNIAGHFNDESPLGLR.R	QEXI22202.27888.27888.2
K.EPTPS{+80}IASDIS{+80}LPIATQELR{+6}.Q	QEXI22202.47174.47174.2
R.DGLAFNALIHR{+10}.H	QEXI22202.23413.23413.2
K.DVNAAIAAIK{+8}.T	QEXI22202.17639.17639.2
R.AQEAPGQAEPPAAAEVQGAGNENEPR{+10}.E	QEXI22202.13317.13317.3
R.ESAS{+80}PTIPNLDLLEAHTK.E	QEXI22202.31783.31783.3
R.GS{+80}PHYFS{+80}PFR{+10}PY.-	QEXI22202.32522.32522.2
K.TDLLLEPYNK.Y	QEXI22202.20280.20280.2
K.YLEES{+80}DEDDLF.-	QEXI22202.40786.40786.2
R.TLS{+80}DPPSPLPHGPPNK.G	QEXI22202.17377.17377.2
K.GVDLVLNSLAEEK.L	QEXI22202.27229.27229.2
R.K{+4}TS{+80}PASLDFPESQK{+4}.S	QEXI22202.12311.12311.2
R.HGS{+80}GADS{+80}DYENTQSGDPLLGLEGKR.F	QEXI22202.24192.24192.3
K.AFGPGLQGGS{+80}AGSPAR{+6}.F	QEXI22202.14849.14849.2
K.LKGEATVSFDDPPSAK.A	QEXI22202.9994.9994.3
K.YSPTS{+80}PTYSPTTPK{+8}.Y	QEXI22202.14887.14887.2
R.IILLAEGR.L	QEXI22202.15536.15536.2
R.GNFGGS{+80}FAGSFGGAGGHAPGVAR.K	QEXI22202.22764.22764.3
R.ELPSFLGK{+8}.R	QEXI22202.19744.19744.2
R.QFLLQQASGLSS{+80}PGNNDSK.Q	QEXI22202.42959.42959.2
R.S{+80}R{+10}S{+80}PLGFYVHLK{+8}.N	QEXI22202.25042.25042.3
K.SNS{+80}QSDSHDEEVSPTPPNPVVK.A	QEXI22202.14854.14854.3
K.TVTNAVVTVPAYFNDSQR.Q	QEXI22202.26949.26949.3
R.AALQELLSK.G	QEXI22202.16836.16836.2
R.SLS{+80}PILPGR.H	QEXI22202.24373.24373.2
R.FDVSGYPTIK{+8}.I	QEXI22202.19619.19619.2
R.ASS{+80}LNFLNK{+8}.S	QEXI22202.20138.20138.2
K.LLLQVQHASK{+8}.Q	QEXI22202.5752.5752.3
K.VLFSSNGGVVK.G	QEXI22202.12436.12436.2
R.AWLDEDS{+80}NLSPSPLR.D	QEXI22202.32966.32966.2
R.R{+10}FS{+80}LS{+80}PSLGPQASR{+10}.F	QEXI22202.25021.25021.2
R.FFQGS{+80}QEFLASASASAER.S	QEXI22202.30957.30957.3
R.S{+80}TEPELIQVK{+8}.S	QEXI22202.20547.20547.2
K.LADLVER{+10}DR{+10}.A	QEXI22202.27633.27633.2
K.HS{+80}TS{+80}GTDEGEDGDEPDDGSNDVVDLLPR.T	QEXI22202.35760.35760.3
K.AGPIWDLR.L	QEXI22202.19826.19826.2
R.S{+80}IQDLTVTGTEPGQVSSR{+6}.S	QEXI22202.24306.24306.2
R.TLEHS{+80}LPPS{+80}PR{+6}PLPR{+6}.H	QEXI22202.16170.16170.3
R.GFSLEELR{+6}.V	QEXI22202.19368.19368.2
K.FQSPQIQATIS{+80}PPLQPK.T	QEXI22202.31523.31523.3
R.GAPVNIS{+80}SSDLTGR.Q	QEXI22202.21537.21537.2
R.SQS{+80}FGVASASSIK.Q	QEXI22202.17256.17256.2
R.GNVVPS{+80}PLPTR{+10}.R	QEXI22202.19945.19945.2
K.R{+6}PDDVPLSLS{+80}PSK{+4}R{+6}.A	QEXI22202.11674.11674.3
R.ALAQLSLSR{+10}.L	QEXI22202.13400.13400.2
R.SGVSLAALK{+8}K{+8}.A	QEXI22202.5622.5622.2
R.QLVYVEQAGS{+80}SPK.L	QEXI22202.33629.33629.2
R.FGIVTSSAGTGTTEDTEAK{+8}.K	QEXI22202.14254.14254.2
R.VGWEQLLTTIAR{+10}.T	QEXI22202.37921.37921.2
R.AVLLGPPGAGK{+8}.G	QEXI22202.12164.12164.2
K.LLLGS{+80}PSSLSPFSK{+8}.R	QEXI22202.38489.38489.2
R.DSLLQDGEFSMDLR.T	QEXI22202.33838.33838.2
K.APS{+80}LTDLVK.S	QEXI22202.26478.26478.2
K.DIPGLTDTTVPR{+6}.R	QEXI22202.23690.23690.2
K.VVSQYHELVVQAR.D	QEXI22202.9536.9536.3
K.FSVSPVVR{+6}.V	QEXI22202.12699.12699.2
R.RAPFDLFENK.K	QEXI22202.18758.18758.3
R.S{+80}PTVEPSTLPR{+6}.E	QEXI22202.15186.15186.2
R.VPS{+80}VESLFR{+6}.S	QEXI22202.32271.32271.2
K.TAALESNLPGS{+80}PNTSR.G	QEXI22202.16024.16024.2
K.AEALMRELDEEGS{+80}DPPLPGR.A	QEXI22202.26546.26546.3
K.LNGTDPEDVIR{+10}.N	QEXI22202.13602.13602.2
R.DSLIFLVDASK.A	QEXI22202.33041.33041.2
R.LIS{+80}PLAS{+80}PADGVK{+8}.S	QEXI22202.32903.32903.2
R.ALVILAK{+8}.G	QEXI22202.12502.12502.2
R.IALDFQR{+10}.G	QEXI22202.14404.14404.2
R.QLS{+80}SGVSEIR.H	QEXI22202.29116.29116.2
K.ELIEIISGAAALD.-	QEXI22202.42468.42468.2
K.FIIPQIVK.Y	QEXI22202.26919.26919.2
K.S{+80}LPVSVPVWGFK{+8}.E	QEXI22202.42001.42001.2
R.GLFIIDDKGILR.Q	QEXI22202.28804.28804.3
K.GPSVFPLAPSSK.S	QEXI22202.19669.19669.2
R.DFSPSGIFGAFQR.G	QEXI22202.36997.36997.2
K.S{+80}FEEKVENLK.S	QEXI22202.10503.10503.2
R.LDYVPS{+80}S{+80}ASREVR.H	QEXI22202.18220.18220.2
R.AK{+4}S{+80}PTPESSTIASYVTLR{+6}.K	QEXI22202.23780.23780.3
K.DMES{+80}PTK{+8}LDVTLAK{+8}.D	QEXI22202.23366.23366.3
R.SHHAPMSPGS{+80}SGGGGQPLAR.T	QEXI22202.4696.4696.3
R.TVQS{+80}PNSSVPSPGLAGPVTMTSVHPPIR.S	QEXI22202.30876.30876.3
R.GFGFVLFK.E	QEXI22202.30937.30937.2
R.IDIS{+80}PSTLR{+6}.K	QEXI22202.22349.22349.2
K.R{+6}AS{+80}PNSDDTVLSPQELQK{+4}.V	QEXI22202.15644.15644.3
R.GTITVSAQELKDNR.V	QEXI22202.8215.8215.3
R.EGDVLTLLESER.E	QEXI22202.30138.30138.2
R.LSIS{+80}LPS{+80}YESLTGLDETTPTSTR.A	QEXI22202.48023.48023.2
K.ELHYLPFPS{+80}P.-	QEXI22202.38731.38731.2
R.TYVGVVDGENELASPK.L	QEXI22202.19114.19114.2
R.IHLPLNYPPGS{+80}PDLGR.H	QEXI22202.29130.29130.3
K.GLSQSALPYR{+6}.R	QEXI22202.10851.10851.2
K.AK{+4}EILQEEEDLAEIVQLVGK{+4}.A	QEXI22202.38720.38720.3
K.VNIVPVIAK.A	QEXI22202.19008.19008.2
K.AADIS{+80}LDNLVEGK.R	QEXI22202.30663.30663.2
K.NPEPELLVR{+10}.W	QEXI22202.14498.14498.2
R.NQSLGQS{+80}APSLTAGLK.E	QEXI22202.23451.23451.2
K.SFSK{+8}EELMS{+80}SDLEETAGSTSIPK{+8}.R	QEXI22202.26469.26469.2
K.GLGLDESGLAK.Q	QEXI22202.14614.14614.2
R.LPEAS{+80}QSPLVLK{+8}.Q	QEXI22202.23320.23320.2
R.LPS{+80}TSGSEGVPFR.T	QEXI22202.21449.21449.2
